,file,start,end,text,pre1_base_polarity,pre1_main_emotion_class,pre1_tag_type
366,TextGrid/-Graf_Ehrenfried.xml,29230,29273,"Herr Hauptmann, habt Ihr kein einzeln Geld?",negative,emotional movement,emotional movement
367,TextGrid/-Graf_Ehrenfried.xml,29275,29323,"Ihro Exzellenz, ich werde wohl gar nichts haben.",negative,emotions of suffering,suffering
368,TextGrid/-Graf_Ehrenfried.xml,29325,29360,Hat denn keiner kein Geld bei sich?,emotional movement,emotions of rejection,emotional movement
369,TextGrid/-Graf_Ehrenfried.xml,29362,29394,Suchen alle in den Schübesäcken.,emotional movement,emotions of rejection,emotional movement
370,TextGrid/-Graf_Ehrenfried.xml,29396,29442,"Da hab ich noch einen Groschen, Ihr Exzellenz.",positive,emotions of joy,admiration
371,TextGrid/-Graf_Ehrenfried.xml,29444,29475,Gibt dem Grafen einen Groschen.,negative,emotions of rejection,anger
372,TextGrid/-Graf_Ehrenfried.xml,29517,29528,EHRENFRIED.,positive,emotions of affection,friendship
373,TextGrid/-Graf_Ehrenfried.xml,29573,29654,"Je, was hülfe mich denn mein Stehlen, wenn ich keinen Groschen Geld haben wollte?",positive,emotions of rejection,fear
374,TextGrid/-Graf_Ehrenfried.xml,29656,29697,"Ei, das ist eine erschreckliche Schraube.",emotional movement,emotions of suffering,emotional movement
375,TextGrid/-Graf_Ehrenfried.xml,29699,29735,"Ei, rühme du Vogel dich was Bessers!",negative,emotions of rejection,anger
376,TextGrid/-Graf_Ehrenfried.xml,29737,29761,Was schiert's denn Euch?,negative,emotions of rejection,fear
377,TextGrid/-Graf_Ehrenfried.xml,29762,29871,"Wenn's mein Herr leiden kann, so hat sich so ein naseweiser Kerl, als wie Ihr seid, nichts drum zu bekümmern.",negative,emotions of rejection,"hate, disgust"
378,TextGrid/-Graf_Ehrenfried.xml,29873,30007,"Wären Ihro Exzellenz nicht zugegen, ich wollte dir deinen diebischen Kopf zurechte setzen, du solltest dein Lebetage an mich gedenken.",negative,emotions of rejection,"hate, disgust"
379,TextGrid/-Graf_Ehrenfried.xml,30009,30100,"Ja, sie müssen noch alle dicke draußen liegen, welchen Ihr die Köpfe zurechte gesetzt habt.",negative,emotions of rejection,suffering
380,TextGrid/-Graf_Ehrenfried.xml,30102,30127,Wo ist denn der Groschen?,emotional movement,emotional movement,emotional movement
381,TextGrid/-Graf_Ehrenfried.xml,30129,30141,Hier ist er.,positive,emotions of joy,joy
382,TextGrid/-Graf_Ehrenfried.xml,30142,30231,"Da geht und siegelt den Befehl, damit er heute noch mit der Extrapost fortgeschickt wird.",negative,emotions of rejection,anger
383,TextGrid/-Graf_Ehrenfried.xml,30233,30271,"Ja, Ihro Exzellenz, es soll geschehen.",positive,emotions of joy,admiration
384,TextGrid/-Graf_Ehrenfried.xml,30273,30286,Will abgehen.,negative,emotions of rejection,fear
385,TextGrid/-Graf_Ehrenfried.xml,30288,30300,"Hört,  ruft.",negative,emotions of fear,fear
386,TextGrid/-Graf_Ehrenfried.xml,30342,30355,kömmt wieder.,positive,emotional movement,joy
387,TextGrid/-Graf_Ehrenfried.xml,30357,30372,Ihro Exzellenz?,positive,emotions of affection,admiration
388,TextGrid/-Graf_Ehrenfried.xml,30374,30487,"Da, nehmt die beiden Jäger mit in Euer Kabinett und nehmet sie in Pflicht, denn sie sollen bei mir Dienste haben.",positive,emotions of rejection,admiration
389,TextGrid/-Graf_Ehrenfried.xml,30489,30523,"Es soll geschehen, Ihro Exzellenz.",positive,emotions of joy,admiration
390,TextGrid/-Graf_Ehrenfried.xml,30525,30683,"Diesem hier, der die drei Hasen auf der Eiche geschossen hat, gebt das Prädikat als Kammerjäger und dem da mit den siebzehn Rebhühnern als Hof- und Feldjäger.",positive,emotions of affection,joy
391,TextGrid/-Graf_Ehrenfried.xml,30685,30713,Wie Ihro Exzellenz befehlen.,positive,emotions of affection,admiration
392,TextGrid/-Graf_Ehrenfried.xml,30755,30766,zum Jägern.,positive,emotions of rejection,"hate, disgust"
393,TextGrid/-Graf_Ehrenfried.xml,30768,30888,"Gehet alle beide mit meinem Sekretär auf seine Stube, er soll euch in Pflicht nehmen,   Es ist ganz gut, Ihro Exzellenz.",positive,emotions of joy,joy
394,TextGrid/-Graf_Ehrenfried.xml,30889,30941,Wir wollen auch schon dafür getreue Dienste leisten.,positive,emotions of affection,admiration
395,TextGrid/-Graf_Ehrenfried.xml,30943,30977,So kommt mit mir in mein Kabinett.,positive,emotions of rejection,joy
396,TextGrid/-Graf_Ehrenfried.xml,30979,31020,Wir werden dem Herrn Sekretarichs folgen.,positive,emotions of fear,anger
397,TextGrid/-Graf_Ehrenfried.xml,31022,31059,"Hasenius, Marode, Sylvester gehen ab.",negative,emotions of rejection,emotional movement
398,TextGrid/-Graf_Ehrenfried.xml,31098,31121,Klunte und die Vorigen.,emotional movement,emotions of rejection,emotional movement
399,TextGrid/-Graf_Ehrenfried.xml,31123,31180,"Ihr Gnaden, Sie verzeihen mir, daß ich so gleich eingehe.",negative,emotions of suffering,emotional movement
400,TextGrid/-Graf_Ehrenfried.xml,31182,31286,"Ihr hättet Euch wohl können anmelden lassen, ob es mir als einem großen Herrn auch wäre gelegen gewesen.",negative,emotions of rejection,anger
401,TextGrid/-Graf_Ehrenfried.xml,31288,31522,"Ihr Gnaden, Sie verzeihen mir, ich bin eine einfältige Frau, und weil ich sonst allemal, wenn Sie zu mir geschickt haben, immer unangemeldet in Ihr Zimmer gehen dürfen, so verhöffe ich, Sie werden's jetzund auch nicht so genau nehmen.",negative,emotions of rejection,anger
402,TextGrid/-Graf_Ehrenfried.xml,31524,31552,Was ist denn Euer Anbringen?,emotional movement,emotional movement,emotional movement
403,TextGrid/-Graf_Ehrenfried.xml,31554,31687,"Ihr Gnaden, Sie werden sich großgünstig zu entsinnen wissen, wie daß ich Sie vor etlichen Wochen auf etwas Pfand Geld schaffen mußte.",negative,emotions of suffering,suffering
404,TextGrid/-Graf_Ehrenfried.xml,31689,31724,"Ist es wahr, Herr Kapitänleutenant?",negative,emotions of fear,emotional movement
405,TextGrid/-Graf_Ehrenfried.xml,31726,31765,"Ja, Ihro Exzellenz, die Frau hat recht.",negative,emotions of joy,admiration
406,TextGrid/-Graf_Ehrenfried.xml,31767,31882,"Und weil nun die gesetzte Zeit um ist, so wollten die Leute gerne, daß die Sachen wieder möchten eingelöset werden.",negative,emotions of joy,joy
407,TextGrid/-Graf_Ehrenfried.xml,31884,31926,"Was sagt Ihr darzu, Herr Kapitänleutenant?",positive,emotional movement,emotional movement
408,TextGrid/-Graf_Ehrenfried.xml,31928,31967,"Ja, Ihro Exzellenz, was soll ich sagen?",positive,emotional movement,admiration
409,TextGrid/-Graf_Ehrenfried.xml,31968,32003,Ich   Ist denn viel drauf geborget?,negative,emotional movement,emotional movement
410,TextGrid/-Graf_Ehrenfried.xml,32005,32071,"Ihr Gnaden, es werden mit dem vergoldeten Degen auf vierzig Rthlr.",negative,emotions of joy,admiration
411,TextGrid/-Graf_Ehrenfried.xml,32072,32077,sein.,negative,emotions of rejection,suffering
412,TextGrid/-Graf_Ehrenfried.xml,32079,32176,"Ja, meine liebe Frau, es kann itzo wohl noch nicht sein, daß ich die Sachen wieder einlösen kann.",positive,emotions of joy,compassion
413,TextGrid/-Graf_Ehrenfried.xml,32177,32254,Sie werden ja noch ein vierzehn Tage oder was mit der Zahlung in Ruhe stehen.,negative,emotions of rejection,anger
414,TextGrid/-Graf_Ehrenfried.xml,32256,32312,"Ja, Ihr Gnaden, ich zweifele, ob's die Leute tun werden.",negative,emotions of fear,fear
415,TextGrid/-Graf_Ehrenfried.xml,32314,32418,"Und wenn sie nicht wollen, so mögen sie es bleiben lassen; sie müssen doch warten, bis ich Geld bekomme.",negative,emotions of rejection,anger
416,TextGrid/-Graf_Ehrenfried.xml,32420,32486,"Das ist alle wahr, Ihr Gnaden, ich habe es den Leuten auch gesagt.",negative,emotions of joy,joy
417,TextGrid/-Graf_Ehrenfried.xml,32487,32726,"Sie gaben mir aber zur Antwort: Und wenn der Herr Graf heute oder morgen seine Sachen nicht wieder würde einlösen lassen, so wollten sie dieselben übermorgen entweder verkaufen oder auf den Trödel hängen, denn das Wort müßte gehalten sein.",negative,emotions of rejection,anger
418,TextGrid/-Graf_Ehrenfried.xml,32728,32759,Die Leute sein doch gar Narren.,negative,emotions of rejection,"hate, disgust"
419,TextGrid/-Graf_Ehrenfried.xml,32760,32798,Ich tue ihnen was anders auf ihr Wort.,negative,emotions of rejection,friendship
420,TextGrid/-Graf_Ehrenfried.xml,32837,32862,Servillo und die Vorigen.,emotional movement,emotions of rejection,emotional movement
421,TextGrid/-Graf_Ehrenfried.xml,32864,32950,Der Herr Graf soll alsobald nach Hofe kommen und mit den Damens in die Lotterie gehen.,positive,emotions of joy,joy
422,TextGrid/-Graf_Ehrenfried.xml,32952,32981,Wird kein Assemblée gehalten?,emotional movement,emotional movement,emotional movement
423,TextGrid/-Graf_Ehrenfried.xml,32983,33043,"Ich kann's nicht wissen, was auf den Abend geschehen möchte.",negative,emotional movement,emotional movement
424,TextGrid/-Graf_Ehrenfried.xml,33045,33091,"Geht nur und sagt, daß ich bald kommen wollte.",positive,emotions of rejection,anger
425,TextGrid/-Graf_Ehrenfried.xml,33093,33126,Ich werde es auszurichten wissen.,positive,emotions of joy,anger
426,TextGrid/-Graf_Ehrenfried.xml,33128,33136,Geht ab.,negative,emotions of rejection,emotional movement
427,TextGrid/-Graf_Ehrenfried.xml,33138,33160,Herr Kapitänleutenant?,emotional movement,emotional movement,emotional movement
428,TextGrid/-Graf_Ehrenfried.xml,33162,33195,"Ihro Exzellenz, was befehlen Sie?",positive,emotions of fear,admiration
429,TextGrid/-Graf_Ehrenfried.xml,33197,33234,Was habt Ihr vor Geld noch im Vorrat?,negative,emotions of rejection,emotional movement
430,TextGrid/-Graf_Ehrenfried.xml,33236,33284,"Ihro Exzellenz, es ist nicht ein Dreier mehr da.",negative,emotions of joy,admiration
431,TextGrid/-Graf_Ehrenfried.xml,33286,33312,"Ja, Ihr müßt Rat schaffen.",negative,emotions of rejection,anger
432,TextGrid/-Graf_Ehrenfried.xml,33314,33365,"Ganz gerne, Ihro Gnaden, alleine wo denn hernehmen?",positive,emotions of joy,admiration
433,TextGrid/-Graf_Ehrenfried.xml,33367,33439,"Ihro Gnaden, Sie lassen mir nur Pfand geben, ich will bald Rat schaffen.",negative,emotions of affection,admiration
434,TextGrid/-Graf_Ehrenfried.xml,33441,33458,"Hört, Trödelfrau!",negative,emotions of rejection,anger
435,TextGrid/-Graf_Ehrenfried.xml,33460,33486,"Ihro Gnaden, hier bin ich.",positive,emotions of joy,joy
436,TextGrid/-Graf_Ehrenfried.xml,33488,33568,Könnt Ihr mir wohl auf mein verschammeriertes Kleid hier alsobald dreißig Rthlr.,negative,emotions of rejection,anger
437,TextGrid/-Graf_Ehrenfried.xml,33569,33583,Geld schaffen?,emotional movement,emotional movement,emotional movement
438,TextGrid/-Graf_Ehrenfried.xml,33585,33614,"Warum das nicht, Ihro Gnaden?",emotional movement,emotions of affection,emotional movement
439,TextGrid/-Graf_Ehrenfried.xml,33615,33678,"Wenn Sie mir genug Pfand geben, ich will Sie wohl tausend Thlr.",positive,emotions of affection,friendship
440,TextGrid/-Graf_Ehrenfried.xml,33679,33688,schaffen.,positive,emotions of suffering,suffering
441,TextGrid/-Graf_Ehrenfried.xml,33690,33710,"Ja, es hilft nichts.",negative,emotions of suffering,suffering
442,TextGrid/-Graf_Ehrenfried.xml,33712,33734,Ziehet sein Kleid aus.,positive,emotional movement,suffering
443,TextGrid/-Graf_Ehrenfried.xml,33736,33750,Gnädiger Herr?,emotional movement,emotional movement,emotional movement
444,TextGrid/-Graf_Ehrenfried.xml,33752,33833,"Ihr müßt mir unterdessen Euern Rock so lange lehnen, bis ich einen ändern kriege.",negative,emotions of rejection,anger
445,TextGrid/-Graf_Ehrenfried.xml,33835,33863,Wie Ihro Exzellenz befehlen.,positive,emotions of affection,admiration
446,TextGrid/-Graf_Ehrenfried.xml,33865,33914,Ziehet sein Kleid auch aus und gibt's dem Grafen.,positive,emotions of rejection,Schadenfreude
447,TextGrid/-Graf_Ehrenfried.xml,33916,34028,"Lasset Euch derweile dieses Kammerdieners seinen Rock geben und ziehet ihn so lange an, bis Rat geschaffet wird.",negative,emotions of rejection,anger
448,TextGrid/-Graf_Ehrenfried.xml,34030,34096,"Ei, das laß ich wohl bleiben, daß ich meinen Rock wieder weglehne.",negative,emotions of rejection,anger
449,TextGrid/-Graf_Ehrenfried.xml,34098,34222,"Was verschlägt dir's denn, du kannst ja leichtlich einen Tag oder was hintern Ofen sitzen, bis ich ein wenig zu Gelde komme.",emotional movement,emotions of rejection,emotional movement
450,TextGrid/-Graf_Ehrenfried.xml,34223,34263,Hernach sollst du gar einen neuen haben.,negative,emotions of joy,"hate, disgust"
451,TextGrid/-Graf_Ehrenfried.xml,34265,34389,"Vor einem Jahre hieße es auch so, alleine es verzogen sich wohl zwanzig Wochen, ehe ich ein Kleid wieder auf den Leib bekam.",positive,emotions of joy,suffering
452,TextGrid/-Graf_Ehrenfried.xml,34391,34496,"Ihr Gnaden, es ist eben nicht groß vonnöten,   Je nu, wenn dieses ist, so braucht es keiner andern Sorge.",negative,emotions of joy,love
453,TextGrid/-Graf_Ehrenfried.xml,34498,34546,"Nun, wie wollen Sie es denn halten, Ihro Gnaden?",emotional movement,emotions of affection,fear
454,TextGrid/-Graf_Ehrenfried.xml,34548,34603,Da nehmt mein Kleid hier und lasset Euch dreißig Rthlr.,positive,emotions of rejection,Schadenfreude
455,TextGrid/-Graf_Ehrenfried.xml,34604,34656,"darauf geben, und die bringet mir hernach nach Hofe.",positive,emotions of rejection,joy
456,TextGrid/-Graf_Ehrenfried.xml,34658,34755,"Ja, Ihro Gnaden, es soll keine halbe Stunde ins Land gehen, so sollen Sie l'argent content haben.",positive,emotions of joy,joy
457,TextGrid/-Graf_Ehrenfried.xml,34756,34820,"Alleine, wie soll es denn mit den andern Sachen gehalten werden?",emotional movement,emotional movement,fear
458,TextGrid/-Graf_Ehrenfried.xml,34822,34970,"Sprecht nur, wenn sie nicht warten wollten, bis ich sie wieder einlösen könnte, so möchten sie nur dieselben verkaufen und mir das Übrige rausgeben.",negative,emotions of rejection,anger
459,TextGrid/-Graf_Ehrenfried.xml,34972,35037,"Ganz gut, Ihro Gnaden, ich werde alles schon auszurichten wissen.",positive,emotions of joy,joy
460,TextGrid/-Graf_Ehrenfried.xml,35039,35089,Das Geld müßt Ihr mir aber bald nach Hofe bringen.,negative,emotions of rejection,anger
461,TextGrid/-Graf_Ehrenfried.xml,35091,35154,Ich will mich schon zu rechter Zeit bei Ihro Gnaden einstellen.,positive,emotions of affection,admiration
462,TextGrid/-Graf_Ehrenfried.xml,35156,35165,Gehet ab.,negative,emotions of rejection,despair
463,TextGrid/-Graf_Ehrenfried.xml,35167,35174,Allons!,positive,emotions of joy,joy
464,TextGrid/-Graf_Ehrenfried.xml,35175,35200,"He, fort in die Lotterie!",negative,emotions of rejection,anger
465,TextGrid/-Graf_Ehrenfried.xml,35202,35214,Im Weggehen.,negative,emotions of suffering,emotional movement
466,TextGrid/-Graf_Ehrenfried.xml,35216,35221,Puff!,negative,emotions of rejection,emotional movement
467,TextGrid/-Graf_Ehrenfried.xml,35222,35227,Puff!,negative,emotions of rejection,emotional movement
468,TextGrid/-Graf_Ehrenfried.xml,35228,35233,Puff!,negative,emotions of rejection,emotional movement
469,TextGrid/-Graf_Ehrenfried.xml,35235,35244,Gehen ab.,negative,emotions of rejection,anger
470,TextGrid/-Graf_Ehrenfried.xml,35286,35318,Ballett von alten Trödelweibern.,negative,emotions of rejection,"hate, disgust"
471,TextGrid/-Graf_Ehrenfried.xml,35357,35384,Herr Johannes und Jukundus.,emotional movement,emotional movement,emotional movement
472,TextGrid/-Graf_Ehrenfried.xml,35386,35394,Wieviel?,emotional movement,emotional movement,emotional movement
473,TextGrid/-Graf_Ehrenfried.xml,35396,35436,Eine ganze Kompagnie wird zu dir kommen.,negative,emotions of rejection,anger
474,TextGrid/-Graf_Ehrenfried.xml,35437,35485,Schaffe du nur brav zu fressen und zu saufen an.,negative,emotions of rejection,anger
475,TextGrid/-Graf_Ehrenfried.xml,35487,35543,"Und wenn ihrer tausend kommen, es ist genug da, gottlob!",positive,emotions of joy,joy
476,TextGrid/-Graf_Ehrenfried.xml,35545,35581,Was hast du denn vor Lampreten alle?,negative,emotions of fear,emotional movement
477,TextGrid/-Graf_Ehrenfried.xml,35583,35709,"Was du haben willst: Kramsvögel, Rebhühner, Schneppen, wilde Schweinskeulen, Lerchen, Hasen und auch was von Fasanen, gottlob!",positive,emotions of joy,joy
478,TextGrid/-Graf_Ehrenfried.xml,35711,35757,Wo zum Henker kriegst du denn die Fasanen her?,positive,emotional movement,emotional movement
479,TextGrid/-Graf_Ehrenfried.xml,35759,35804,"Oho, ich will dir wohl ander Wildbret weisen!",positive,emotions of rejection,anger
480,TextGrid/-Graf_Ehrenfried.xml,35806,35815,Was denn?,emotional movement,emotional movement,emotional movement
481,TextGrid/-Graf_Ehrenfried.xml,35817,35855,"Trappen, gottlob, wenn du sie kennest.",negative,emotions of affection,"hate, disgust"
482,TextGrid/-Graf_Ehrenfried.xml,35857,35920,"Ich glaube, du hast gar einen Kobold, der dir alles zuschleppt.",negative,emotions of rejection,"hate, disgust"
483,TextGrid/-Graf_Ehrenfried.xml,35922,35958,"Je, ja, es hat sich was zu kobelden.",negative,emotions of joy,joy
484,TextGrid/-Graf_Ehrenfried.xml,35960,36087,"Von rechten Dingen könnte es, dächte ich, doch nicht zugehen, daß du allezeit so ein Haufen rar Wildbret immer im Vorrate hast.",negative,emotions of joy,anger
485,TextGrid/-Graf_Ehrenfried.xml,36089,36121,"Je, Momflere, wenn man Geld hat!",negative,emotions of rejection,anger
486,TextGrid/-Graf_Ehrenfried.xml,36122,36136,"Nu, da hast's!",positive,emotions of rejection,joy
487,TextGrid/-Graf_Ehrenfried.xml,36138,36279,"Das ist wohl wahr, Bruder, allein man kann aber nicht allezeit vor Geld etwas bekommen, was man haben will, zumal wenn es außer der Zeit ist.",positive,emotions of suffering,love
488,TextGrid/-Graf_Ehrenfried.xml,36281,36374,"Momflere, komm du zu mir, wenn du willst; du sollst allemal bei mir haben, was du verlangest.",positive,emotions of affection,love
489,TextGrid/-Graf_Ehrenfried.xml,36376,36395,Das wäre doch viel!,emotional movement,emotional movement,joy
490,TextGrid/-Graf_Ehrenfried.xml,36397,36462,"Was ich sage; ich bin kein ehrlicher Mann, wenn's nicht wahr ist.",negative,emotions of rejection,"hate, disgust"
491,TextGrid/-Graf_Ehrenfried.xml,36464,36580,"Höre, Bruder, ich will jetzo gleich hingehen und es etlichen noch sagen, daß sie sich bald bei dir einfinden sollen.",positive,emotions of joy,anger
492,TextGrid/-Graf_Ehrenfried.xml,36582,36601,"Momflere, ein Wort.",negative,emotional movement,emotional movement
493,TextGrid/-Graf_Ehrenfried.xml,36603,36630,Saget ihm heimlich ins Ohr.,negative,emotions of rejection,anger
494,TextGrid/-Graf_Ehrenfried.xml,36632,36698,"Ei vortrefflich, sie haben ganze Schubsäcke voll Dukaten bei sich.",positive,emotions of rejection,joy
495,TextGrid/-Graf_Ehrenfried.xml,36700,36714,Was du sagest!,negative,emotions of rejection,anger
496,TextGrid/-Graf_Ehrenfried.xml,36716,36728,In Wahrheit!,negative,emotions of suffering,emotional movement
497,TextGrid/-Graf_Ehrenfried.xml,36729,36763,Du magst mir's gläuben oder nicht.,negative,emotions of rejection,anger
498,TextGrid/-Graf_Ehrenfried.xml,36765,36789,Mein Tage nicht gehöret!,negative,emotions of suffering,suffering
499,TextGrid/-Graf_Ehrenfried.xml,36790,36829,"Aber, Momflere, kommen auch Grafen mit?",emotional movement,emotional movement,emotional movement
500,TextGrid/-Graf_Ehrenfried.xml,36831,36886,"Ja, Bruder, nicht alleine Grafen, sondern auch Fürsten.",positive,emotions of affection,admiration
501,TextGrid/-Graf_Ehrenfried.xml,36888,36895,Ei nee!,emotional movement,emotional movement,emotional movement
502,TextGrid/-Graf_Ehrenfried.xml,36897,36952,"Auf mein Wort, es kommen Grafen und Fürsten mit zu dir.",positive,emotions of joy,joy
503,TextGrid/-Graf_Ehrenfried.xml,36954,36958,Top!,positive,emotions of joy,joy
504,TextGrid/-Graf_Ehrenfried.xml,36960,36964,Top!,positive,emotions of joy,joy
505,TextGrid/-Graf_Ehrenfried.xml,36965,36999,"Ein Schelm, wenn's nicht wahr ist.",negative,emotions of joy,anger
506,TextGrid/-Graf_Ehrenfried.xml,37001,37022,In deinem Namen aber?,emotional movement,emotional movement,emotional movement
507,TextGrid/-Graf_Ehrenfried.xml,37024,37084,"Es sei in meinem oder in deinem Namen, genug daß sie kommen.",negative,emotions of rejection,"hate, disgust"
508,TextGrid/-Graf_Ehrenfried.xml,37086,37128,"Nun laß sie kommen, bin ich doch schon da.",positive,emotions of joy,joy
509,TextGrid/-Graf_Ehrenfried.xml,37130,37176,Aber du mußt dich auch brav lustig mit machen.,positive,emotions of joy,joy
510,TextGrid/-Graf_Ehrenfried.xml,37178,37258,"Momflere, ich will Dinge machen, die du mein Lebetage wirst nicht gesehen haben.",positive,emotions of joy,Schadenfreude
511,TextGrid/-Graf_Ehrenfried.xml,37259,37306,"Aber, Momflere, vexieren müssen sie mich nicht.",negative,emotions of rejection,fear
512,TextGrid/-Graf_Ehrenfried.xml,37308,37381,"Ei du bist ein Narre; wer wird dich denn vexieren, du bist ein brav Mann.",negative,emotions of rejection,anger
513,TextGrid/-Graf_Ehrenfried.xml,37383,37409,"Das bin ich auch, gottlob!",positive,emotions of joy,joy
514,TextGrid/-Graf_Ehrenfried.xml,37411,37487,"Nun adieu, Herr Bruder, in einer halben Stunde wollen wir bei dir schmausen.",negative,emotions of rejection,Schadenfreude
515,TextGrid/-Graf_Ehrenfried.xml,37489,37493,Top!,positive,emotions of joy,joy
516,TextGrid/-Graf_Ehrenfried.xml,37495,37519,"Top, Herr Bruder, addio!",positive,emotions of joy,joy
517,TextGrid/-Graf_Ehrenfried.xml,37521,37530,Gehet ab.,negative,emotions of rejection,despair
518,TextGrid/-Graf_Ehrenfried.xml,37532,37553,"De gratias, Momflere.",positive,emotions of joy,joy
519,TextGrid/-Graf_Ehrenfried.xml,37555,37571,Ruft seine Frau.,negative,emotional movement,emotional movement
520,TextGrid/-Graf_Ehrenfried.xml,37610,37626,"Johannes, Walpe.",emotional movement,emotional movement,emotional movement
521,TextGrid/-Graf_Ehrenfried.xml,37628,37665,"Was willst du denn, mein lieber Mann?",emotional movement,emotional movement,emotional movement
522,TextGrid/-Graf_Ehrenfried.xml,37667,37678,Frag lange.,emotional movement,emotional movement,emotional movement
523,TextGrid/-Graf_Ehrenfried.xml,37680,37720,"Ich werde ja fragen dürfen, was es gibt.",negative,emotions of rejection,anger
524,TextGrid/-Graf_Ehrenfried.xml,37722,37742,Gäste wollen kommen.,positive,emotions of joy,joy
525,TextGrid/-Graf_Ehrenfried.xml,37743,37754,Weißt's nu?,positive,emotions of rejection,anger
526,TextGrid/-Graf_Ehrenfried.xml,37756,37819,Laß sie kommen in Gottes Namen; ich will sie schon satt machen.,negative,emotions of fear,despair
527,TextGrid/-Graf_Ehrenfried.xml,37821,37856,"Weißt's denn auch, wer alles kömmt?",emotional movement,emotions of rejection,emotional movement
528,TextGrid/-Graf_Ehrenfried.xml,37858,37884,Das kann ich nicht wissen.,positive,emotional movement,emotional movement
529,TextGrid/-Graf_Ehrenfried.xml,37885,37963,"Weißt du es aber, so sage mir's, damit ich mich ein wenig drauf schicken kann.",negative,emotions of rejection,Schadenfreude
530,TextGrid/-Graf_Ehrenfried.xml,37965,37982,"Achtzig, gottlob!",positive,emotions of joy,joy
531,TextGrid/-Graf_Ehrenfried.xml,37984,37992,Wieviel?,emotional movement,emotional movement,emotional movement
532,TextGrid/-Graf_Ehrenfried.xml,37994,38022,"Was ich sage, auf mein Wort.",negative,emotions of affection,anger
533,TextGrid/-Graf_Ehrenfried.xml,38023,38041,Auch wohl neunzig.,positive,emotions of suffering,suffering
534,TextGrid/-Graf_Ehrenfried.xml,38043,38061,"Je, wer denn alle?",emotional movement,emotions of rejection,anger
535,TextGrid/-Graf_Ehrenfried.xml,38063,38098,"Fürsten, Grafen, Freiherrn, Barone.",emotional movement,emotions of joy,admiration
536,TextGrid/-Graf_Ehrenfried.xml,38100,38116,Keine Studenten?,emotional movement,emotional movement,emotional movement
537,TextGrid/-Graf_Ehrenfried.xml,38118,38135,Eben auch welche.,positive,emotions of suffering,"hate, disgust"
538,TextGrid/-Graf_Ehrenfried.xml,38137,38166,Wenn sie nur brav Geld haben.,negative,emotions of rejection,anger
539,TextGrid/-Graf_Ehrenfried.xml,38168,38174,Dicke!,negative,emotions of rejection,anger
540,TextGrid/-Graf_Ehrenfried.xml,38175,38190,Lauter Dukaten.,positive,emotions of rejection,anger
541,TextGrid/-Graf_Ehrenfried.xml,38192,38222,Hast du sie denn schon gesehn?,positive,emotions of affection,emotional movement
542,TextGrid/-Graf_Ehrenfried.xml,38224,38267,"Auf mein Wort, ganze Picken voll haben sie.",positive,emotions of rejection,admiration
543,TextGrid/-Graf_Ehrenfried.xml,38268,38271,Nu?,emotional movement,emotional movement,emotional movement
544,TextGrid/-Graf_Ehrenfried.xml,38273,38333,"So komm denn, daß wir ein wenig Anstalt in der Küche machen.",negative,emotions of rejection,anger
545,TextGrid/-Graf_Ehrenfried.xml,38335,38400,"Dicke, geh du nur und mache die wilde Schweinskeule mit zurechte.",negative,emotions of rejection,anger
546,TextGrid/-Graf_Ehrenfried.xml,38401,38457,Ich will her sein und die großen Gläser immer ausspülen.,negative,emotions of rejection,anger
547,TextGrid/-Graf_Ehrenfried.xml,38459,38497,"Ei, mein Essen soll schon bereit sein.",emotional movement,emotions of rejection,anger
548,TextGrid/-Graf_Ehrenfried.xml,38499,38508,Gehet ab.,negative,emotions of rejection,despair
549,TextGrid/-Graf_Ehrenfried.xml,38510,38579,Und an Einschenken und Anschreiben soll es gottlob auch nicht fehlen.,positive,emotions of joy,anger
550,TextGrid/-Graf_Ehrenfried.xml,38581,38590,Gehet ab.,negative,emotions of rejection,despair
551,TextGrid/-Graf_Ehrenfried.xml,38629,38664,"Leonore, Courage begegnen einander.",emotional movement,emotions of affection,emotional movement
552,TextGrid/-Graf_Ehrenfried.xml,38666,38725,"Höre doch, Courage, hast du den Herrn Grafen nicht gesehen?",emotional movement,emotional movement,emotional movement
553,TextGrid/-Graf_Ehrenfried.xml,38727,38802,"Höre doch, Lorchen, hast du des Grafens seine Jungfer Köchin nicht gesehen?",positive,emotions of affection,joy
554,TextGrid/-Graf_Ehrenfried.xml,38804,38843,"Ei, was habe ich mit der Köchin zu tun?",emotional movement,emotional movement,emotional movement
555,TextGrid/-Graf_Ehrenfried.xml,38845,38880,"Je, was schiert mich denn der Graf?",negative,emotions of rejection,fear
556,TextGrid/-Graf_Ehrenfried.xml,38882,38931,"Nein, in rechten Ernst hast du ihn nicht gesehen?",emotional movement,emotional movement,emotional movement
557,TextGrid/-Graf_Ehrenfried.xml,38933,38957,"Ja, ich habe ihn gesehn.",positive,emotions of affection,joy
558,TextGrid/-Graf_Ehrenfried.xml,38959,38967,Wo denn?,emotional movement,emotional movement,emotional movement
559,TextGrid/-Graf_Ehrenfried.xml,38969,39057,Er ließ sich nur vor kurzen auf einer Zoberstange von seinen Bedienten nach Hofe tragen.,negative,emotions of suffering,admiration
560,TextGrid/-Graf_Ehrenfried.xml,39059,39146,"Du damischer Dieb, es wird eine Karosse gewesen sein, worauf er ist nach Hofe gefahren.",negative,emotions of rejection,anger
561,TextGrid/-Graf_Ehrenfried.xml,39148,39204,"Ei, lerne du mich doch einen Hasen für eine Kuh ansehen.",emotional movement,emotions of rejection,anger
562,TextGrid/-Graf_Ehrenfried.xml,39205,39277,"Ich werde ja wissen, was eine Zoberstange ist oder was eine Karosse ist.",emotional movement,emotions of rejection,emotional movement
563,TextGrid/-Graf_Ehrenfried.xml,39279,39326,Er wird ja solch närrisch Ding nicht vornehmen.,negative,emotions of rejection,"hate, disgust"
564,TextGrid/-Graf_Ehrenfried.xml,39328,39539,"Ei, er nimmt wohl närrischer Zeug für, ist er doch einmal mit dem Könige im Schlafpelze und einer Federmütze auf dem Kopfe gar auf die Jagd geritten und hat, wo mir recht ist, weder Schuh noch Strümpfe angehabt.",emotional movement,emotions of rejection,"hate, disgust"
565,TextGrid/-Graf_Ehrenfried.xml,39541,39613,"Er hat aber eine schöne Karosse, warum fährt er denn nicht in derselben?",positive,emotions of affection,admiration
566,TextGrid/-Graf_Ehrenfried.xml,39615,39647,Er kann auch nicht immer fahren.,negative,emotions of suffering,anger
567,TextGrid/-Graf_Ehrenfried.xml,39648,39723,"Ein großer Herr, als wie der Herr Graf ist, muß ja eine Abwechselung haben.",emotional movement,emotions of joy,joy
568,TextGrid/-Graf_Ehrenfried.xml,39725,39782,"Weißt du nicht, ob er bald wird wieder nach Hause kommen?",negative,emotions of fear,fear
569,TextGrid/-Graf_Ehrenfried.xml,39784,39962,"Ja, das kann ich dir nicht sagen, vor abends kömmt er wohl schwerlich wieder, denn es ist ein Glückstöpfer bei Hofe ankommen, da ist er mit den Damens in die Glücksbude gegangen.",positive,emotions of joy,joy
570,TextGrid/-Graf_Ehrenfried.xml,39964,40019,"Ja, so wird er wohl schwerlich für nachts wiederkommen.",negative,emotions of suffering,suffering
571,TextGrid/-Graf_Ehrenfried.xml,40021,40077,"Ich zweifele selbst, daß er vor Mitternacht wiederkommt.",negative,emotions of fear,fear
572,TextGrid/-Graf_Ehrenfried.xml,40079,40100,Ich muß ihn sprechen.,negative,emotional movement,emotional movement
573,TextGrid/-Graf_Ehrenfried.xml,40101,40137,"Ich treffe ihn auch an, wo ich will.",positive,emotions of affection,love
574,TextGrid/-Graf_Ehrenfried.xml,40139,40201,"Nur früh zu ihm gegangen, da trifft man ihn am allerersten an.",positive,emotions of suffering,emotional movement
575,TextGrid/-Graf_Ehrenfried.xml,40203,40231,Das werde ich auch wohl tun.,negative,emotions of rejection,anger
576,TextGrid/-Graf_Ehrenfried.xml,40233,40304,"Wie steht ihr denn beide miteinander, ist denn eure Sache bald richtig?",emotional movement,emotions of affection,friendship
577,TextGrid/-Graf_Ehrenfried.xml,40306,40336,"Ei, was soll sie richtig sein.",emotional movement,emotions of rejection,emotional movement
578,TextGrid/-Graf_Ehrenfried.xml,40337,40508,"Drum wollte ich gerne mit ihm daraus reden, und wenn er nicht will, wie ich will, so will ich's an den König gelangen lassen, denn er hat mir meine Ehre recht abgestohlen.",negative,emotions of rejection,anger
579,TextGrid/-Graf_Ehrenfried.xml,40510,40649,"Wenn ich als wie du wäre, Lorchen, und er wollte mir nicht geben, was ich verlangte, so wollte ich ihn Knall und Fall auf die Ehe anklagen.",negative,emotions of rejection,anger
580,TextGrid/-Graf_Ehrenfried.xml,40651,40685,"Ei, das will ich ohndem schon tun.",negative,emotions of rejection,anger
581,TextGrid/-Graf_Ehrenfried.xml,40686,40831,"Ich bin itzo bei einem Advokaten gewesen, der hat mir ein Supplik gemacht, das soll ich, wenn er in Güte nicht will, dem Könige selbst übergeben.",negative,emotions of rejection,anger
582,TextGrid/-Graf_Ehrenfried.xml,40833,40864,"Ei, wo wohnt denn der Affokate?",emotional movement,emotions of rejection,emotional movement
583,TextGrid/-Graf_Ehrenfried.xml,40866,40902,"Ich habe nicht gefragt, wo er wohnt.",negative,emotions of rejection,anger
584,TextGrid/-Graf_Ehrenfried.xml,40903,41049,"Soviel ich aber von der Wirtin im Weinkeller vernehmen kunnte, so soll er gar viel Frauenzimmer bedient sein, die ihre Ehrenkränze verloren haben.",negative,emotions of suffering,suffering
585,TextGrid/-Graf_Ehrenfried.xml,41051,41111,"Das wird mir gar der Rechte sein, allein, wie muß er heißen?",emotional movement,emotional movement,emotional movement
586,TextGrid/-Graf_Ehrenfried.xml,41113,41163,Die Leute titulierten ihn nur Herr Fleckschreiber.,negative,emotions of rejection,"hate, disgust"
587,TextGrid/-Graf_Ehrenfried.xml,41165,41191,Wo trifft man ihn aber an?,emotional movement,emotional movement,emotional movement
588,TextGrid/-Graf_Ehrenfried.xml,41193,41282,Er sitzt dort bei Herr Johannsen im Weinkeller und hat ein Gläschen Wein für sich stehen.,positive,emotions of suffering,joy
589,TextGrid/-Graf_Ehrenfried.xml,41284,41378,Ich will doch hernach auch hingehen und den Herrn Fleckschreiber in einer Sache um Rat fragen.,negative,emotions of rejection,anger
590,TextGrid/-Graf_Ehrenfried.xml,41380,41416,Du hast gewiß auch mit einer zu tun!,negative,emotions of affection,"hate, disgust"
591,TextGrid/-Graf_Ehrenfried.xml,41418,41445,"Ach nein, es ist sonst was.",emotional movement,emotional movement,emotional movement
592,TextGrid/-Graf_Ehrenfried.xml,41447,41476,Darf man's aber nicht wissen?,negative,emotional movement,emotional movement
593,TextGrid/-Graf_Ehrenfried.xml,41478,41490,Warum nicht?,emotional movement,emotions of rejection,emotional movement
594,TextGrid/-Graf_Ehrenfried.xml,41491,41549,"Das kann ich dir wohl sagen, ist es doch kein Schelmstück.",positive,emotions of rejection,anger
595,TextGrid/-Graf_Ehrenfried.xml,41551,41570,So sage mir's doch.,negative,emotions of rejection,anger
596,TextGrid/-Graf_Ehrenfried.xml,41572,41726,"Die ganze Affäre ist diese: Ich habe mich mit des Grafens seiner Köchin verlobt, und mein Herr, der will's nicht zugeben, daß ich das Mensche nehmen soll.",positive,emotional movement,suffering
597,TextGrid/-Graf_Ehrenfried.xml,41729,41921,"Je, du herzer Courage du, dieser Fleckschreiber wird dir bald eine Intrüsche sagen, wie du es machen sollst, denn das soll ein Mann sein, der auf lauter Cäuschen und Praktiken abgerichtet ist.",negative,emotions of rejection,anger
598,TextGrid/-Graf_Ehrenfried.xml,41923,41959,"Ei, das muß mir gar der Rechte sein.",negative,emotions of rejection,anger
599,TextGrid/-Graf_Ehrenfried.xml,41961,42071,"Die Wirtin hat mir Dinge von demselben Fleckschreiber erzählet, daß man sich hatte putzig drüber lachen mögen.",negative,emotions of joy,Schadenfreude
600,TextGrid/-Graf_Ehrenfried.xml,42073,42084,Wieso denn?,emotional movement,emotional movement,emotional movement
601,TextGrid/-Graf_Ehrenfried.xml,42086,42180,"Sie erzählte mir, wie daß derselbe Mann so ein vortrefflicher Liebhaber von Frauenzimmer wäre.",positive,emotions of affection,love
602,TextGrid/-Graf_Ehrenfried.xml,42182,42204,Ist er denn noch jung?,emotional movement,emotional movement,emotional movement
603,TextGrid/-Graf_Ehrenfried.xml,42206,42268,"Ei, es ist ein steinalter Mann, der schon auf der Grube gehet.",negative,emotions of suffering,suffering
604,TextGrid/-Graf_Ehrenfried.xml,42270,42319,Was hat er denn nun mit dem Frauenzimmer gemacht?,emotional movement,emotional movement,emotional movement
605,TextGrid/-Graf_Ehrenfried.xml,42321,42542,"Er soll sich mög' in ein artiges Mädchen verschammerieret gehabt haben, und dasselbe hätte er auch, weil er so heftig in sie verliebt gewesen, in gelben Damast kleiden lassen und hernachmals nur das Rübsenstücke geheißen.",positive,emotions of affection,love
606,TextGrid/-Graf_Ehrenfried.xml,42544,42582,"Ei, warum nicht gar das Schotenstücke?",negative,emotions of rejection,emotional movement
607,TextGrid/-Graf_Ehrenfried.xml,42583,42658,Hat aber dasselbe Frauenzimmer den alten Kurtisan auch Gegenliebe bewiesen?,positive,emotions of affection,love
608,TextGrid/-Graf_Ehrenfried.xml,42660,42854,"Soviel ich von der Wirtin vernahm, so hätte sie ihm nicht einmal eine charmante Miene gemacht, viel weniger, daß sie ihm für das geschenkte damastene Kleid sonsten seinen Willen erfüllen sollen.",positive,emotions of affection,Schadenfreude
609,TextGrid/-Graf_Ehrenfried.xml,42856,42933,"Ja, es geht bisweilen so, wenn alte Männer mit jungen Mädchen löffeln wollen.",negative,emotions of rejection,anger
610,TextGrid/-Graf_Ehrenfried.xml,42934,43048,"Allein es geschieht ihnen gar recht, wenn sie hernachmals für ihre Spendagen ins Fäustchen nein ausgelacht werden.",positive,emotions of joy,Schadenfreude
611,TextGrid/-Graf_Ehrenfried.xml,43050,43308,"Ein artiges Histörchen erzählte mir die Wirtin von diesem sogenannten Fleckschreiber: Er hätte einsmals auf einer Hochzeit nach einer Bärenmusik mit Frauenzimmer nackend um einen Tannenbaum herum getanzet, welches ihm diese Stunde noch übel ausgeleget würde.",negative,emotions of rejection,anger
612,TextGrid/-Graf_Ehrenfried.xml,43310,43348,"Ei, das kann ich mir leicht einbilden.",emotional movement,emotions of suffering,emotional movement
613,TextGrid/-Graf_Ehrenfried.xml,43349,43367,Nackend zu tanzen!,negative,emotions of suffering,joy
614,TextGrid/-Graf_Ehrenfried.xml,43368,43402,Es kömmt gar zu ärgerlich her aus.,negative,emotions of rejection,anger
615,TextGrid/-Graf_Ehrenfried.xml,43403,43442,Wenn's doch noch im Hemde gewesen wäre.,negative,emotions of rejection,"hate, disgust"
616,TextGrid/-Graf_Ehrenfried.xml,43444,43621,"Hernach, so sagte mir die Wirtin auch, wie daß dieser Fleckschreiber allen Leuten dienete, sie möchten recht oder unrecht haben, wer ihm nur Geld brächte, der wäre ihm angenehm.",positive,emotions of joy,joy
617,TextGrid/-Graf_Ehrenfried.xml,43623,43666,Das muß mir gar einer von den Rechten sein.,negative,emotions of rejection,"hate, disgust"
618,TextGrid/-Graf_Ehrenfried.xml,43668,43711,Über eines mußte ich recht herzlich lachen.,positive,emotions of joy,joy
619,TextGrid/-Graf_Ehrenfried.xml,43713,43727,Über was denn?,emotional movement,emotional movement,emotional movement
620,TextGrid/-Graf_Ehrenfried.xml,43729,43946,"Die Wirtin sagte mir, wie daß er einmal ein paar Parteien ineinander gehetzt, über welches Unrecht dieser Fleckschreiber von einem Frauenzimmer in öffentlicher Gerichtsstube wäre ein alter Rockseicher geheißen worden.",negative,emotions of rejection,anger
621,TextGrid/-Graf_Ehrenfried.xml,43948,43980,Was hätte er denn darzu gesaget?,emotional movement,emotional movement,emotional movement
622,TextGrid/-Graf_Ehrenfried.xml,43982,44010,Was sollte er gesaget haben?,emotional movement,emotional movement,emotional movement
623,TextGrid/-Graf_Ehrenfried.xml,44011,44270,"Er hatte solches zu registrieren gebeten, alleine wegen anderer Affären hatten's die Gerichte nicht gehöret, und war also dieses Frauenzimmer noch so mit einem blauen Auge davongekommen; sonst hätte er ihr unstreitig einen Injurienprozeß an den Hals geworfen.",negative,emotions of joy,anger
624,TextGrid/-Graf_Ehrenfried.xml,44272,44347,"Je, könnte man doch von diesem Fleckschreiber eine perfekte Komödie machen.",negative,emotions of rejection,Schadenfreude
625,TextGrid/-Graf_Ehrenfried.xml,44349,44528,"Ach, wenn ich's nur nicht vergessen hätte, was mir die Wirtin alles von den süßen Nächten und noch ändern Streichen, so dieser Fleckschreiber soll vorgenommen haben, erzählet hat.",negative,emotions of suffering,joy
626,TextGrid/-Graf_Ehrenfried.xml,44530,44605,"Es scheint, als wenn an denselben Affokaten wohl nicht viel Gebackens wäre.",negative,emotions of rejection,suffering
627,TextGrid/-Graf_Ehrenfried.xml,44607,44643,Er soll aber sehr viel zu tun haben.,emotional movement,emotional movement,emotional movement
628,TextGrid/-Graf_Ehrenfried.xml,44645,44701,Ich will doch für die Langeweile hingehen für  Gehet ab.,negative,emotions of rejection,anger
629,TextGrid/-Graf_Ehrenfried.xml,44703,44808,"Und ich will morgen früh Graf Ehrenfriedchen eine Visite geben und bei ihn hören, ob er mich nehmen will.",positive,emotions of affection,love
630,TextGrid/-Graf_Ehrenfried.xml,44810,44819,Gehet ab.,negative,emotions of rejection,despair
631,TextGrid/-Graf_Ehrenfried.xml,44858,45046,"Der Prospekt eröffnet sich und zeiget Herr Johannsen seine Weinstube, worinnen sitzt Injurius, Leander, Jukundus und andere Weingäste; haben ein Musikchen und sind sehr lustig miteinander.",positive,emotions of joy,joy
632,TextGrid/-Graf_Ehrenfried.xml,45088,45158,singet sein Leibstückchen wie folget und klimpert mit den Händen dazu.,positive,emotions of joy,joy
633,TextGrid/-Graf_Ehrenfried.xml,45160,45220,"Ach Tannenbaum, ach Tannenbaum, du bist ein edler Zweig etc.",positive,emotions of affection,admiration
634,TextGrid/-Graf_Ehrenfried.xml,45259,45294,Herr Johannes mit einem Glase Wein.,positive,emotions of suffering,joy
635,TextGrid/-Graf_Ehrenfried.xml,45296,45423,"Momflere, das ist ein Weinchen, und wenn du ihn in der Stadt besser kriegst, als mein Wein ist, so bin ich kein ehrlicher Mann.",negative,emotions of rejection,anger
636,TextGrid/-Graf_Ehrenfried.xml,45425,45476,Wievielerlei Wein schenkst du denn aus einem Fasse?,positive,emotions of rejection,anger
637,TextGrid/-Graf_Ehrenfried.xml,45478,45493,"Je ja, gottlob!",positive,emotions of joy,joy
638,TextGrid/-Graf_Ehrenfried.xml,45494,45598,"Komm nur mit hinunter in meinen Keller, da will ich dir meine Weine weisen, was ich für Weine alle habe.",positive,emotions of rejection,Schadenfreude
639,TextGrid/-Graf_Ehrenfried.xml,45600,45638,"Nun allons, Bruder, trink mir eins zu!",positive,emotions of suffering,compassion
640,TextGrid/-Graf_Ehrenfried.xml,45640,45662,"Dein Diener, Momflere.",positive,emotions of affection,admiration
641,TextGrid/-Graf_Ehrenfried.xml,45664,45677,Will trinken.,negative,emotions of suffering,anger
642,TextGrid/-Graf_Ehrenfried.xml,45679,45724,"Ei, du mußt mir auch einen Vers darzu machen.",negative,emotions of rejection,anger
643,TextGrid/-Graf_Ehrenfried.xml,45766,45773,reimet.,negative,emotions of affection,suffering
644,TextGrid/-Graf_Ehrenfried.xml,45774,45840,"Momflere, das bring ich dir in Gesundheit meiner Herrn Gäste hier.",positive,emotions of joy,joy
645,TextGrid/-Graf_Ehrenfried.xml,45841,45889,Es lebe die ganze Kompagnie bei mir für und für.,positive,emotions of affection,love
646,TextGrid/-Graf_Ehrenfried.xml,45890,45962,"Das bring ich dir 
                                           Da hast's!",positive,emotions of joy,joy
647,TextGrid/-Graf_Ehrenfried.xml,46004,46047,Trinket und gibt hernach das Glas Leandern.,positive,emotions of suffering,suffering
648,TextGrid/-Graf_Ehrenfried.xml,46049,46086,"Du kannst brave Verse machen, Bruder.",positive,emotions of affection,admiration
649,TextGrid/-Graf_Ehrenfried.xml,46088,46109,Was fehlt ihnen denn?,negative,emotions of suffering,compassion
650,TextGrid/-Graf_Ehrenfried.xml,46110,46146,"Wer weiß, ob du es so gelernet hast.",negative,emotions of rejection,fear
651,TextGrid/-Graf_Ehrenfried.xml,46148,46176,"Ei, du bist ein braver Mann.",emotional movement,emotions of rejection,admiration
652,TextGrid/-Graf_Ehrenfried.xml,46178,46194,"Was bin ich, he?",negative,emotional movement,emotional movement
653,TextGrid/-Graf_Ehrenfried.xml,46196,46215,Ein Schelm bist du.,negative,emotions of rejection,anger
654,TextGrid/-Graf_Ehrenfried.xml,46217,46233,In deinen Namen.,negative,emotions of affection,love
655,TextGrid/-Graf_Ehrenfried.xml,46235,46281,"Nein, nein, Bruder, du bist ein wackerer Mann.",positive,emotions of affection,admiration
656,TextGrid/-Graf_Ehrenfried.xml,46283,46300,Das war ein Wort.,negative,emotional movement,emotional movement
657,TextGrid/-Graf_Ehrenfried.xml,46302,46352,"Herr Johannes, da lasse mir noch eins einschenken.",positive,emotions of joy,joy
658,TextGrid/-Graf_Ehrenfried.xml,46394,46410,ruft seine Frau.,negative,emotional movement,anger
659,TextGrid/-Graf_Ehrenfried.xml,46412,46418,Dicke!,negative,emotions of rejection,anger
660,TextGrid/-Graf_Ehrenfried.xml,46419,46425,Dicke!,negative,emotions of rejection,anger
661,TextGrid/-Graf_Ehrenfried.xml,46464,46485,Walpe kömmt gelaufen.,negative,emotional movement,emotional movement
662,TextGrid/-Graf_Ehrenfried.xml,46487,46519,"Was willst du denn, lieber Mann?",emotional movement,emotional movement,emotional movement
663,TextGrid/-Graf_Ehrenfried.xml,46521,46535,"Da, hole Wein!",negative,emotions of rejection,anger
664,TextGrid/-Graf_Ehrenfried.xml,46537,46546,Alsobald.,negative,emotional movement,anger
665,TextGrid/-Graf_Ehrenfried.xml,46548,46572,"Nimmt das Glas, geht ab.",negative,emotional movement,suffering
666,TextGrid/-Graf_Ehrenfried.xml,46614,46622,LEANDER.,negative,emotions of rejection,emotional movement
667,TextGrid/-Graf_Ehrenfried.xml,46667,46698,Gestern war alles voll bei mir.,negative,emotions of suffering,emotional movement
668,TextGrid/-Graf_Ehrenfried.xml,46700,46709,Wer denn?,emotional movement,emotional movement,emotional movement
669,TextGrid/-Graf_Ehrenfried.xml,46711,46764,"Ein Haufen Kavalier, Studenten, auch Grafen, gottlob!",positive,emotions of joy,anger
670,TextGrid/-Graf_Ehrenfried.xml,46766,46786,Was denn für Grafen?,emotional movement,emotional movement,emotional movement
671,TextGrid/-Graf_Ehrenfried.xml,46788,46843,"Ehrenfriedchen, gottlob, der Graf, wenn du ihn kennest.",positive,emotions of affection,admiration
672,TextGrid/-Graf_Ehrenfried.xml,46844,46859,Kennest du ihn?,emotional movement,emotional movement,emotional movement
673,TextGrid/-Graf_Ehrenfried.xml,46861,46895,Warum sollte ich ihn nicht kennen?,emotional movement,emotional movement,emotional movement
674,TextGrid/-Graf_Ehrenfried.xml,46897,46915,Ein wackerer Herr.,positive,emotions of affection,admiration
675,TextGrid/-Graf_Ehrenfried.xml,46917,46964,"Ist es denn dieser, welcher so viel Leute hält?",emotional movement,emotions of affection,emotional movement
676,TextGrid/-Graf_Ehrenfried.xml,46966,46990,"Ja, Momflere, der ist's.",positive,emotions of joy,emotional movement
677,TextGrid/-Graf_Ehrenfried.xml,46992,47046,Was bedienen sie denn alle für Chargen bei den Grafen?,emotional movement,emotions of rejection,emotional movement
678,TextGrid/-Graf_Ehrenfried.xml,47048,47221,"Einer ist Hauptmann, Feuerfaxchen, wenn du ihn kennest; hernach ist einer Kapitänleutenant bei ihn und auch einer Fähndrich, Friedenschildchen, wenn du von ihn gehöret hast.",positive,emotions of affection,admiration
679,TextGrid/-Graf_Ehrenfried.xml,47222,47248,Es sind alles brave Leute.,positive,emotions of joy,joy
680,TextGrid/-Graf_Ehrenfried.xml,47250,47282,Führet er so einen großen Staat?,emotional movement,emotional movement,emotional movement
681,TextGrid/-Graf_Ehrenfried.xml,47283,47324,"Ei, so muß er auch viel Einkommens haben.",negative,emotions of rejection,emotional movement
682,TextGrid/-Graf_Ehrenfried.xml,47326,47407,"Je ja, wenn ich's und du nur hätten, Momflere, wir wollten schon damit auskommen.",negative,emotions of rejection,Schadenfreude
683,TextGrid/-Graf_Ehrenfried.xml,47446,47481,"Walpe zu den Vorigen, bringet Wein.",positive,emotions of joy,joy
684,TextGrid/-Graf_Ehrenfried.xml,47523,47534,zu Injurio.,negative,emotions of suffering,suffering
685,TextGrid/-Graf_Ehrenfried.xml,47536,47589,"Hier, mein Herr Fleckschreiber, da ist sein Gläschen.",positive,emotions of joy,joy
686,TextGrid/-Graf_Ehrenfried.xml,47591,47625,"Da, bringe Sie mir auch noch eins.",positive,emotions of joy,Schadenfreude
687,TextGrid/-Graf_Ehrenfried.xml,47627,47645,"Gleich, mein Herr.",positive,emotions of fear,anger
688,TextGrid/-Graf_Ehrenfried.xml,47647,47666,Nimmt das Gläschen.,positive,emotions of suffering,suffering
689,TextGrid/-Graf_Ehrenfried.xml,47668,47674,Dicke!,negative,emotions of rejection,anger
690,TextGrid/-Graf_Ehrenfried.xml,47676,47698,"Was denn, lieber Mann?",emotional movement,emotional movement,emotional movement
691,TextGrid/-Graf_Ehrenfried.xml,47700,47759,"Bringe ihn doch eins aus dem großen Fasse an der Mauer, No.",negative,emotions of rejection,anger
692,TextGrid/-Graf_Ehrenfried.xml,47760,47763,75.,positive,emotions of joy,joy
693,TextGrid/-Graf_Ehrenfried.xml,47765,47793,"Ei, die Weine sind alle gut.",emotional movement,emotions of joy,joy
694,TextGrid/-Graf_Ehrenfried.xml,47795,47821,"Tu du's, ich will's haben.",positive,emotions of affection,love
695,TextGrid/-Graf_Ehrenfried.xml,47823,47831,Ja doch.,positive,emotions of joy,emotional movement
696,TextGrid/-Graf_Ehrenfried.xml,47833,47842,Gehet ab.,negative,emotions of rejection,despair
697,TextGrid/-Graf_Ehrenfried.xml,47844,47880,"Ich will dir's bringen, Herr Bruder.",positive,emotions of joy,anger
698,TextGrid/-Graf_Ehrenfried.xml,47882,47903,"De gratias, Momflere.",positive,emotions of joy,joy
699,TextGrid/-Graf_Ehrenfried.xml,47905,47913,Es lebe!,positive,emotions of affection,love
700,TextGrid/-Graf_Ehrenfried.xml,47915,47924,Was denn?,emotional movement,emotional movement,emotional movement
701,TextGrid/-Graf_Ehrenfried.xml,47925,47933,Es lebe!,positive,emotions of affection,love
702,TextGrid/-Graf_Ehrenfried.xml,47934,47958,"Nun mache fort, es lebe!",negative,emotions of affection,love
703,TextGrid/-Graf_Ehrenfried.xml,47960,48001,"Warte, ich will dir's erstlich zutrinken.",negative,emotions of rejection,anger
704,TextGrid/-Graf_Ehrenfried.xml,48003,48033,"Trinket, und als er getrunken.",negative,emotions of suffering,suffering
705,TextGrid/-Graf_Ehrenfried.xml,48035,48122,"Nu, Momflere, itzt will ich einen Vers machen, den du dein Lebetage nicht gehöret hast.",negative,emotions of rejection,Schadenfreude
706,TextGrid/-Graf_Ehrenfried.xml,48124,48139,"Nu, mache fort.",negative,emotions of rejection,anger
707,TextGrid/-Graf_Ehrenfried.xml,48140,48148,Es lebe!,positive,emotions of affection,love
708,TextGrid/-Graf_Ehrenfried.xml,48190,48197,reimet.,negative,emotions of affection,suffering
709,TextGrid/-Graf_Ehrenfried.xml,48198,48234,Es lebe die Sonne von Polens Gemüte!,positive,emotions of joy,joy
710,TextGrid/-Graf_Ehrenfried.xml,48235,48285,Sachsens Treue bleibe allezeit bei Elbstroms Güte.,positive,emotions of affection,admiration
711,TextGrid/-Graf_Ehrenfried.xml,48286,48400,"Die Hand des Herrn schütze unsern König lebenslang Gemüte, die hohen Säulen bleiben allezeit in dessen Segensgüte.",positive,emotions of affection,admiration
712,TextGrid/-Graf_Ehrenfried.xml,48401,48469,Es lebe der Untertanenschutz noch tausend Jahr in fröhlichen Gemüte.,positive,emotions of joy,joy
713,TextGrid/-Graf_Ehrenfried.xml,48470,48526,"Sowohl bei mir und dir und auch in Polen, weit von hier.",positive,emotions of suffering,suffering
714,TextGrid/-Graf_Ehrenfried.xml,48527,48537,Da hast's!,positive,emotions of joy,joy
715,TextGrid/-Graf_Ehrenfried.xml,48579,48587,Trinket.,positive,emotions of suffering,suffering
716,TextGrid/-Graf_Ehrenfried.xml,48588,48631,Dergleichen hast du mein Tage nicht gehört.,negative,emotions of rejection,anger
717,TextGrid/-Graf_Ehrenfried.xml,48670,48691,Walpe zu den Vorigen.,positive,emotions of rejection,emotional movement
718,TextGrid/-Graf_Ehrenfried.xml,48693,48733,"Nun, da bringe ich den Herrn einen Wein.",positive,emotions of joy,Schadenfreude
719,TextGrid/-Graf_Ehrenfried.xml,48734,48769,Er ist recht aus dem Mutterfäßchen.,negative,emotions of suffering,love
720,TextGrid/-Graf_Ehrenfried.xml,48771,48797,Sollte der recht gut sein?,emotional movement,emotional movement,emotional movement
721,TextGrid/-Graf_Ehrenfried.xml,48799,48888,"Und wenn du ihn so gut in der Stadt kriegst, als wie der Wein ist, so bin ich ein Schelm.",positive,emotions of rejection,Schadenfreude
722,TextGrid/-Graf_Ehrenfried.xml,48890,48907,Das bist du auch.,positive,emotions of affection,anger
723,TextGrid/-Graf_Ehrenfried.xml,48909,48925,In deinen Namen.,negative,emotions of affection,love
724,TextGrid/-Graf_Ehrenfried.xml,48927,48957,"Nein, Bruder, in deinen Namen.",negative,emotions of affection,love
725,TextGrid/-Graf_Ehrenfried.xml,48959,48985,"Ja, du schierst mich wohl.",negative,emotions of rejection,suffering
726,TextGrid/-Graf_Ehrenfried.xml,48987,49060,"Wenn ich als wie du wäre, Herr Bruder, ich ließe mich nicht so schimpfen.",negative,emotions of rejection,anger
727,TextGrid/-Graf_Ehrenfried.xml,49102,49114,zu Leandern.,negative,emotional movement,suffering
728,TextGrid/-Graf_Ehrenfried.xml,49116,49132,"Was bin ich, he!",negative,emotional movement,emotional movement
729,TextGrid/-Graf_Ehrenfried.xml,49134,49156,Faßt ihn bei dem Arme.,negative,emotions of suffering,love
730,TextGrid/-Graf_Ehrenfried.xml,49158,49184,"Ei, du bist ein brav Mann.",emotional movement,emotions of rejection,joy
731,TextGrid/-Graf_Ehrenfried.xml,49186,49203,Das war ein Wort.,negative,emotional movement,emotional movement
