,Unnamed: 0,file,text,start,end,type,act,scene,sd_subtype,speaker,speaker_id,speech_number,gender,pre1_tag_type,genre,subgenre,date,pre1_base_polarity,pre1_main_emotion_class
0,0,GerDracor/kannengiesser-die-vierbeinigten-philosophen.xml,(Straße.),0,9,stage_direction,1,1,pre_speech,,,,,no_annotation,T,,1802.0,no_annotation,no_annotation
1,1,GerDracor/kannengiesser-die-vierbeinigten-philosophen.xml,"(am Stricke, wird von einem Häscher über die Bühne geschleppt.",0,62,stage_direction,1,1,speech_part,,#packan,1.0,UNKNOWN,no_annotation,T,,1802.0,no_annotation,no_annotation
2,2,GerDracor/kannengiesser-die-vierbeinigten-philosophen.xml,"In der Mitte
            derselben setzt er sich zur Wehre gegen seinen Führer.",63,142,stage_direction,1,1,speech_part,,#packan,1.0,UNKNOWN,no_annotation,T,,1802.0,no_annotation,no_annotation
3,3,GerDracor/kannengiesser-die-vierbeinigten-philosophen.xml,"Dieser zieht eine Pfeife hervor
            und lockt damit seine Cameraden)",143,219,stage_direction,1,1,speech_part,,#packan,1.0,UNKNOWN,abhorrence,T,,1802.0,negative,emotions of rejection
4,4,GerDracor/kannengiesser-die-vierbeinigten-philosophen.xml,Was giebts?,0,11,character_speech,1,2,,Ein Jäger.,#jaeger,2.0,MALE,no_annotation,T,,1802.0,no_annotation,no_annotation
5,5,GerDracor/kannengiesser-die-vierbeinigten-philosophen.xml,Widersetzlichkeit.,0,18,character_speech,1,2,,Häscher.,#haescher,3.0,MALE,no_annotation,T,,1802.0,no_annotation,no_annotation
6,6,GerDracor/kannengiesser-die-vierbeinigten-philosophen.xml,"Monsieur Packan will nicht auf die Polizey: ich muß mir daher Hülfe
            ausbitten.",19,109,character_speech,1,2,,Häscher.,#haescher,3.0,MALE,no_annotation,T,,1802.0,no_annotation,no_annotation
7,7,GerDracor/kannengiesser-die-vierbeinigten-philosophen.xml,"Ich gehe nicht von der Stelle, bis ihr mir Rede steht.",0,54,character_speech,1,2,,Packan.,#packan,4.0,UNKNOWN,no_annotation,T,,1802.0,no_annotation,no_annotation
8,8,GerDracor/kannengiesser-die-vierbeinigten-philosophen.xml,"Seit wann ist es im Halberna
            Mode, daß man friedliche Hunde mit einem Stricke um den Hals dem öffentlichen Spectakel
            Preis giebt?",55,208,character_speech,1,2,,Packan.,#packan,4.0,UNKNOWN,abhorrence,T,,1802.0,negative,emotions of rejection
9,9,GerDracor/kannengiesser-die-vierbeinigten-philosophen.xml,Habt ihr nichts Besseres zu thun?,209,242,character_speech,1,2,,Packan.,#packan,4.0,UNKNOWN,no_annotation,T,,1802.0,no_annotation,no_annotation
10,10,GerDracor/kannengiesser-die-vierbeinigten-philosophen.xml,Seit wann untersteht sich ein Hund so zu raisonniren?,0,53,character_speech,1,2,,Häscher.,#haescher,5.0,MALE,anger,T,,1802.0,negative,emotions of rejection
11,11,GerDracor/kannengiesser-die-vierbeinigten-philosophen.xml,Das kostet einem Menschen 3 Mk.,54,85,character_speech,1,2,,Häscher.,#haescher,5.0,MALE,no_annotation,T,,1802.0,no_annotation,no_annotation
12,12,GerDracor/kannengiesser-die-vierbeinigten-philosophen.xml,"14 ß., und dir das Leben!",98,123,character_speech,1,2,,Häscher.,#haescher,5.0,MALE,abhorrence,T,,1802.0,negative,emotions of rejection
13,13,GerDracor/kannengiesser-die-vierbeinigten-philosophen.xml,Was hab ich verbrochen?,0,23,character_speech,1,2,,Packan.,#packan,6.0,UNKNOWN,being moved,T,,1802.0,being moved,being moved
14,14,GerDracor/kannengiesser-die-vierbeinigten-philosophen.xml,"ging ich nicht ruhig meinen Weg, der mich wieder zu meinem
            Herrn führen sollte, den ich verlohren hatte?",24,140,character_speech,1,2,,Packan.,#packan,6.0,UNKNOWN,no_annotation,T,,1802.0,no_annotation,no_annotation
15,15,GerDracor/kannengiesser-die-vierbeinigten-philosophen.xml,"Was bewegte euch, mich mit einer Schlinge
            zu fangen?",141,205,character_speech,1,2,,Packan.,#packan,6.0,UNKNOWN,being moved,T,,1802.0,being moved,being moved
16,16,GerDracor/kannengiesser-die-vierbeinigten-philosophen.xml,"Doch wol nicht, weil ihr mich für toll hieltet?",206,253,character_speech,1,2,,Packan.,#packan,6.0,UNKNOWN,being moved,T,,1802.0,being moved,being moved
17,17,GerDracor/kannengiesser-die-vierbeinigten-philosophen.xml,"aber – die Sporteln – die
            Ranzion.",254,300,character_speech,1,2,,Packan.,#packan,6.0,UNKNOWN,no_annotation,T,,1802.0,no_annotation,no_annotation
18,18,GerDracor/kannengiesser-die-vierbeinigten-philosophen.xml,Schweig!,0,8,character_speech,1,2,,Häscher.,#haescher,7.0,MALE,anger,T,,1802.0,negative,emotions of rejection
19,19,GerDracor/kannengiesser-die-vierbeinigten-philosophen.xml,"Mein Herr wird dir schon erklären, weshalb du gefangen bist.",9,69,character_speech,1,2,,Häscher.,#haescher,7.0,MALE,no_annotation,T,,1802.0,no_annotation,no_annotation
20,20,GerDracor/kannengiesser-die-vierbeinigten-philosophen.xml,Heda!,0,5,character_speech,1,3,,Ein Schlachter.,#schlachter,8.0,MALE,being moved,T,,1802.0,being moved,being moved
21,21,GerDracor/kannengiesser-die-vierbeinigten-philosophen.xml,Lüde!,6,11,character_speech,1,3,,Ein Schlachter.,#schlachter,8.0,MALE,anger,T,,1802.0,negative,emotions of rejection
22,22,GerDracor/kannengiesser-die-vierbeinigten-philosophen.xml,"wo wollt ihr mit dem Hunde hen, der kehört meene!",12,61,character_speech,1,3,,Ein Schlachter.,#schlachter,8.0,MALE,abhorrence,T,,1802.0,negative,emotions of rejection
23,23,GerDracor/kannengiesser-die-vierbeinigten-philosophen.xml,So!,0,3,character_speech,1,3,,Jäger.,#jaeger,9.0,MALE,being moved,T,,1802.0,being moved,being moved
24,24,GerDracor/kannengiesser-die-vierbeinigten-philosophen.xml,nun da kann er gleich mit auf die Polizey kommen.,4,53,character_speech,1,3,,Jäger.,#jaeger,9.0,MALE,no_annotation,T,,1802.0,no_annotation,no_annotation
25,25,GerDracor/kannengiesser-die-vierbeinigten-philosophen.xml,"Hier dürfen keine Hunde
            herumlaufen.",54,102,character_speech,1,3,,Jäger.,#jaeger,9.0,MALE,abhorrence,T,,1802.0,negative,emotions of rejection
26,26,GerDracor/kannengiesser-die-vierbeinigten-philosophen.xml,Das dichs Dunnerwetter!,0,23,character_speech,1,3,,Schlächter.,#schlachter,10.0,MALE,anger,T,,1802.0,negative,emotions of rejection
27,27,GerDracor/kannengiesser-die-vierbeinigten-philosophen.xml,Ich hefn verlohrn!,24,42,character_speech,1,3,,Schlächter.,#schlachter,10.0,MALE,despair,T,,1802.0,negative,emotions of anxiety
28,28,GerDracor/kannengiesser-die-vierbeinigten-philosophen.xml,"He sollt mir die Kalber zu Huß bieten, dee
            ich uff dem Dorfe kofen wull.",43,127,character_speech,1,3,,Schlächter.,#schlachter,10.0,MALE,no_annotation,T,,1802.0,no_annotation,no_annotation
29,29,GerDracor/kannengiesser-die-vierbeinigten-philosophen.xml,"Nichts zu raisonniren, oder er kommt in die Wache!",0,50,character_speech,1,3,,Jäger.,#jaeger,11.0,MALE,anger,T,,1802.0,negative,emotions of rejection
30,30,GerDracor/kannengiesser-die-vierbeinigten-philosophen.xml,(zu den Häschern),0,17,stage_direction,1,3,inner_speech,,#jaeger,11.0,MALE,abhorrence,T,,1802.0,negative,emotions of rejection
31,31,GerDracor/kannengiesser-die-vierbeinigten-philosophen.xml,"
            Vorwärts!",0,22,character_speech,1,3,,Jäger.,#jaeger,11.0,MALE,no_annotation,T,,1802.0,no_annotation,no_annotation
32,32,GerDracor/kannengiesser-die-vierbeinigten-philosophen.xml,Nicht us der Stelle!,0,20,character_speech,1,3,,Schlächter.,#schlachter,12.0,MALE,anger,T,,1802.0,negative,emotions of rejection
33,33,GerDracor/kannengiesser-die-vierbeinigten-philosophen.xml,Ich will 3 Mk.,21,35,character_speech,1,3,,Schlächter.,#schlachter,12.0,MALE,no_annotation,T,,1802.0,no_annotation,no_annotation
34,34,GerDracor/kannengiesser-die-vierbeinigten-philosophen.xml,14 ß. betolen; man lat my den Hund lofen.,36,77,character_speech,1,3,,Schlächter.,#schlachter,12.0,MALE,no_annotation,T,,1802.0,no_annotation,no_annotation
35,35,GerDracor/kannengiesser-die-vierbeinigten-philosophen.xml,"Herr, ich will mich todtschiessen lassen, wenn ich nicht besser denke, als diese
            Menschen!",0,102,character_speech,1,3,,Packan.,#packan,13.0,UNKNOWN,anger,T,,1802.0,negative,emotions of rejection
36,36,GerDracor/kannengiesser-die-vierbeinigten-philosophen.xml,"Schonen sie doch ihres Gleichen nicht: arretiren, chikaniren; karzeriren und
            subtrahiren am Ende 3 Mk.",103,217,character_speech,1,3,,Packan.,#packan,13.0,UNKNOWN,joy,T,,1802.0,positive,emotions of pleasure
37,37,GerDracor/kannengiesser-die-vierbeinigten-philosophen.xml,"14 ß. von jeder Summe, sey es auch das letzte Geld, was einer
            im Vermögen hat, um davon eine Anzahl der menschlichen Gesellschaft lästiger Tagediebe
            zu besolden, die in den Winkeln der Stadt das Robespierrische Schrekenssystem in nucem nachahmen und den Unbefangensten in Furcht und
            Schrecken setzen.",218,554,character_speech,1,3,,Packan.,#packan,13.0,UNKNOWN,no_annotation,T,,1802.0,no_annotation,no_annotation
38,38,GerDracor/kannengiesser-die-vierbeinigten-philosophen.xml,"– Nennt man unter den Menschen Sicherheit, wenn alle sklavisch auf den
            Straßen wie die Schnecken  langsam und stumm kriechen, und Gott danken, wenn
            sie unbestraft oder willkührlich beraubt, was denn wol so ziemlich einerley ist, in
            ihren Löchern angekommen sind?",555,853,character_speech,1,3,,Packan.,#packan,13.0,UNKNOWN,no_annotation,T,,1802.0,no_annotation,no_annotation
39,39,GerDracor/kannengiesser-die-vierbeinigten-philosophen.xml,"Ist etwa Halberna eine Räuberhöhle, wo man jeden
            ehrlichen Mann für einen Spitzbuben anzusehen und verhaften zu müssen Ursache hat, bis
            er mit 3 Mk.",854,1026,character_speech,1,3,,Packan.,#packan,13.0,UNKNOWN,abhorrence,T,,1802.0,negative,emotions of rejection
40,40,GerDracor/kannengiesser-die-vierbeinigten-philosophen.xml,"14 ß. beweiset, daß er es nicht ist?",1027,1063,character_speech,1,3,,Packan.,#packan,13.0,UNKNOWN,no_annotation,T,,1802.0,no_annotation,no_annotation
41,41,GerDracor/kannengiesser-die-vierbeinigten-philosophen.xml,"War man ehedem mehr von Straßenräubern
            als jetzt von der Polizey geplagt?",1064,1149,character_speech,1,3,,Packan.,#packan,13.0,UNKNOWN,fear,T,,1802.0,negative,emotions of anxiety
42,42,GerDracor/kannengiesser-die-vierbeinigten-philosophen.xml,"Wurde ehedem den Bürgern im Durchschnitt mehr durch
            Hauseinschleicher gestohlen, als sie jetzt an Brüche bezahlen müssen?",1150,1283,character_speech,1,3,,Packan.,#packan,13.0,UNKNOWN,suffering,T,,1802.0,negative,emotions of suffering and empathy
43,43,GerDracor/kannengiesser-die-vierbeinigten-philosophen.xml,"Fürchtete man sich
            ehedem mehr vor loses Gesindel, als jetzt vor der Polizey?",1284,1373,character_speech,1,3,,Packan.,#packan,13.0,UNKNOWN,fear,T,,1802.0,negative,emotions of anxiety
44,44,GerDracor/kannengiesser-die-vierbeinigten-philosophen.xml,(stehen mit untergeschlagenen Armen und sehen sich staunend an),0,63,stage_direction,1,3,speech_part,,#jaeger #haescher,14.0,UNKNOWN,being moved,T,,1802.0,being moved,being moved
45,45,GerDracor/kannengiesser-die-vierbeinigten-philosophen.xml,Daß dichs Wetter!,0,17,character_speech,1,3,,Schlächter.,#schlachter,15.0,MALE,anger,T,,1802.0,negative,emotions of rejection
46,46,GerDracor/kannengiesser-die-vierbeinigten-philosophen.xml,"Packan, wo hast dus Schnacken gelernt?",18,56,character_speech,1,3,,Schlächter.,#schlachter,15.0,MALE,being moved,T,,1802.0,being moved,being moved
47,47,GerDracor/kannengiesser-die-vierbeinigten-philosophen.xml,"– Hört ihr Herren, wo myn Hund
            blift, da blief ich ook.",57,124,character_speech,1,3,,Schlächter.,#schlachter,15.0,MALE,no_annotation,T,,1802.0,no_annotation,no_annotation
48,48,GerDracor/kannengiesser-die-vierbeinigten-philosophen.xml,So vernünftig har ich em doch nich angesehn.,125,169,character_speech,1,3,,Schlächter.,#schlachter,15.0,MALE,"admiration, reverence",T,,1802.0,positive,emotions of affection
49,49,GerDracor/kannengiesser-die-vierbeinigten-philosophen.xml,Das soll ihm übel bekommen.,0,27,character_speech,1,3,,Jäger.,#jaeger,16.0,MALE,anger,T,,1802.0,negative,emotions of rejection
50,50,GerDracor/kannengiesser-die-vierbeinigten-philosophen.xml,Wir machen weder mit Menschen noch mit Hunden Umstände.,28,83,character_speech,1,3,,Jäger.,#jaeger,16.0,MALE,no_annotation,T,,1802.0,no_annotation,no_annotation
51,51,GerDracor/kannengiesser-die-vierbeinigten-philosophen.xml,"Also vorwärts mit euch, auf die Polizey!",96,136,character_speech,1,3,,Jäger.,#jaeger,16.0,MALE,no_annotation,T,,1802.0,no_annotation,no_annotation
52,52,GerDracor/kannengiesser-die-vierbeinigten-philosophen.xml,(Alle ab),0,9,stage_direction,1,3,inner_speech,,#jaeger,16.0,MALE,no_annotation,T,,1802.0,no_annotation,no_annotation
53,53,GerDracor/kannengiesser-die-vierbeinigten-philosophen.xml,(Das Theater verwandelt sich in die Polizeystube.,0,49,stage_direction,1,3,pre_speech,,,,,no_annotation,T,,1802.0,no_annotation,no_annotation
54,54,GerDracor/kannengiesser-die-vierbeinigten-philosophen.xml,"An einem Tische sitzt Herr von
          Albern, neben ihm stehen einige Häscher.",50,131,stage_direction,1,3,pre_speech,,,,,no_annotation,T,,1802.0,no_annotation,no_annotation
55,55,GerDracor/kannengiesser-die-vierbeinigten-philosophen.xml,"Auf der Erde in den zwey Vorderwinkeln des
          Zimmers liegen",132,199,stage_direction,1,3,pre_speech,,,,,no_annotation,T,,1802.0,no_annotation,no_annotation
56,56,GerDracor/kannengiesser-die-vierbeinigten-philosophen.xml,"Es kommt niemand von allen dreyen, um seinen Hund zu lösen.",0,59,character_speech,1,4,,Herr v. Albern.,#herr_von_albern,17.0,MALE,no_annotation,T,,1802.0,no_annotation,no_annotation
57,57,GerDracor/kannengiesser-die-vierbeinigten-philosophen.xml,"Ich denke, wir schlagen sie
            todt.",60,105,character_speech,1,4,,Herr v. Albern.,#herr_von_albern,17.0,MALE,abhorrence,T,,1802.0,negative,emotions of rejection
58,58,GerDracor/kannengiesser-die-vierbeinigten-philosophen.xml,Es wäre doch Schade um das Lösegeld.,0,36,character_speech,1,4,,Ein Jäger.,#jaeger,18.0,MALE,compassion,T,,1802.0,negative,emotions of suffering and empathy
59,59,GerDracor/kannengiesser-die-vierbeinigten-philosophen.xml,Was bekömmt der Büttel groß für das Fell.,37,78,character_speech,1,4,,Ein Jäger.,#jaeger,18.0,MALE,abhorrence,T,,1802.0,negative,emotions of rejection
60,60,GerDracor/kannengiesser-die-vierbeinigten-philosophen.xml,"Der
            ganze Decher gilt 12 Mark.",79,121,character_speech,1,4,,Ein Jäger.,#jaeger,18.0,MALE,no_annotation,T,,1802.0,no_annotation,no_annotation
61,61,GerDracor/kannengiesser-die-vierbeinigten-philosophen.xml,Blitz!,0,6,character_speech,1,4,,Hr. v. Albern.,#herr_von_albern,19.0,MALE,being moved,T,,1802.0,being moved,being moved
62,62,GerDracor/kannengiesser-die-vierbeinigten-philosophen.xml,so viel?,7,15,character_speech,1,4,,Hr. v. Albern.,#herr_von_albern,19.0,MALE,being moved,T,,1802.0,being moved,being moved
63,63,GerDracor/kannengiesser-die-vierbeinigten-philosophen.xml,Der muß Abgabe davon entrichten!,16,48,character_speech,1,4,,Hr. v. Albern.,#herr_von_albern,19.0,MALE,no_annotation,T,,1802.0,no_annotation,no_annotation
64,64,GerDracor/kannengiesser-die-vierbeinigten-philosophen.xml,"Bringt schon etwas ein, für jeden todten Hund 4 ß., hundert sind schon 25 Mark.",0,79,character_speech,1,4,,Ein Häscher.,#haescher,20.0,MALE,no_annotation,T,,1802.0,no_annotation,no_annotation
65,65,GerDracor/kannengiesser-die-vierbeinigten-philosophen.xml,Da hat er Recht.,0,16,character_speech,1,4,,Hr. v. Albern.,#herr_von_albern,21.0,MALE,no_annotation,T,,1802.0,no_annotation,no_annotation
66,66,GerDracor/kannengiesser-die-vierbeinigten-philosophen.xml,Rufe er mir Jägern.,17,36,character_speech,1,4,,Hr. v. Albern.,#herr_von_albern,21.0,MALE,no_annotation,T,,1802.0,no_annotation,no_annotation
67,67,GerDracor/kannengiesser-die-vierbeinigten-philosophen.xml,(Häscher ab),0,12,stage_direction,1,4,inner_speech,,#herr_von_albern,21.0,MALE,no_annotation,T,,1802.0,no_annotation,no_annotation
68,68,GerDracor/kannengiesser-die-vierbeinigten-philosophen.xml," Man muß jetzt
            Finanzier im strengsten Verstande seyn, sonst schafts nicht.",0,87,character_speech,1,4,,Hr. v. Albern.,#herr_von_albern,21.0,MALE,no_annotation,T,,1802.0,no_annotation,no_annotation
69,69,GerDracor/kannengiesser-die-vierbeinigten-philosophen.xml,"Alles nimmt sich in Acht;
            man fährt wie im Schlafe, man raucht nicht mehr, man ist stumm – womit soll man jetzt
            Geld machen?",88,236,character_speech,1,4,,Hr. v. Albern.,#herr_von_albern,21.0,MALE,being moved,T,,1802.0,being moved,being moved
70,70,GerDracor/kannengiesser-die-vierbeinigten-philosophen.xml,Bald werde ich einige von euch abdanken müssen.,237,284,character_speech,1,4,,Hr. v. Albern.,#herr_von_albern,21.0,MALE,suffering,T,,1802.0,negative,emotions of suffering and empathy
71,71,GerDracor/kannengiesser-die-vierbeinigten-philosophen.xml,(für sich),0,10,stage_direction,1,4,speech_part,,#haescher,22.0,MALE,no_annotation,T,,1802.0,no_annotation,no_annotation
72,72,GerDracor/kannengiesser-die-vierbeinigten-philosophen.xml,Da soll euch ja das Wetter regieren!,0,36,character_speech,1,4,,Ein Häscher.,#haescher,22.0,MALE,anger,T,,1802.0,negative,emotions of rejection
73,73,GerDracor/kannengiesser-die-vierbeinigten-philosophen.xml,Abdanken?,37,46,character_speech,1,4,,Ein Häscher.,#haescher,22.0,MALE,no_annotation,T,,1802.0,no_annotation,no_annotation
74,74,GerDracor/kannengiesser-die-vierbeinigten-philosophen.xml,"Prosit die Mahlzeit, mein Herr – Fangen
            will ich, was mir in den Weg kommt; und bald soll man noch ein halbes Dutzend
            Wachthäuser bauen müssen, um die Arrestanten zu beherbergen.",47,249,character_speech,1,4,,Ein Häscher.,#haescher,22.0,MALE,Schadenfreude,T,,1802.0,positive,emotions of pleasure
75,75,GerDracor/kannengiesser-die-vierbeinigten-philosophen.xml,Nein!,250,255,character_speech,1,4,,Ein Häscher.,#haescher,22.0,MALE,no_annotation,T,,1802.0,no_annotation,no_annotation
76,76,GerDracor/kannengiesser-die-vierbeinigten-philosophen.xml,"lieber mag ganz
            Halberna ein Gefängniß werden, ehe ich meinen Dienst aufgebe.",256,345,character_speech,1,4,,Ein Häscher.,#haescher,22.0,MALE,abhorrence,T,,1802.0,negative,emotions of rejection
77,77,GerDracor/kannengiesser-die-vierbeinigten-philosophen.xml,"Herr, mit dem Hundefellen ists nichts!",0,38,character_speech,1,4,,Büttel.,#buettel,23.0,MALE,anger,T,,1802.0,negative,emotions of rejection
78,78,GerDracor/kannengiesser-die-vierbeinigten-philosophen.xml,"liegen alle auf dem Boden; können mit einigen
            Tausend aufwarten.",39,115,character_speech,1,4,,Büttel.,#buettel,23.0,MALE,no_annotation,T,,1802.0,no_annotation,no_annotation
79,79,GerDracor/kannengiesser-die-vierbeinigten-philosophen.xml,Hilft euch nichts!,0,18,character_speech,1,4,,Hr. v. Albern.,#herr_von_albern,24.0,MALE,compassion,T,,1802.0,negative,emotions of suffering and empathy
80,80,GerDracor/kannengiesser-die-vierbeinigten-philosophen.xml,Müßt Abgabe entrichten!,19,42,character_speech,1,4,,Hr. v. Albern.,#herr_von_albern,24.0,MALE,anger,T,,1802.0,negative,emotions of rejection
81,81,GerDracor/kannengiesser-die-vierbeinigten-philosophen.xml,Da mag der Herr selbst Schinder seyn.,0,37,character_speech,1,4,,Büttel.,#buettel,25.0,MALE,anger,T,,1802.0,negative,emotions of rejection
82,82,GerDracor/kannengiesser-die-vierbeinigten-philosophen.xml,Wir können nichts davon missen.,38,69,character_speech,1,4,,Büttel.,#buettel,25.0,MALE,joy,T,,1802.0,positive,emotions of pleasure
83,83,GerDracor/kannengiesser-die-vierbeinigten-philosophen.xml,Was?,0,4,character_speech,1,4,,Hr. v. Albern.,#herr_von_albern,26.0,MALE,no_annotation,T,,1802.0,no_annotation,no_annotation
84,84,GerDracor/kannengiesser-die-vierbeinigten-philosophen.xml,Selbst Schinder seyn?,5,26,character_speech,1,4,,Hr. v. Albern.,#herr_von_albern,26.0,MALE,no_annotation,T,,1802.0,no_annotation,no_annotation
85,85,GerDracor/kannengiesser-die-vierbeinigten-philosophen.xml,– Wie heißt er?,27,42,character_speech,1,4,,Hr. v. Albern.,#herr_von_albern,26.0,MALE,no_annotation,T,,1802.0,no_annotation,no_annotation
86,86,GerDracor/kannengiesser-die-vierbeinigten-philosophen.xml,Hannes.,0,7,character_speech,1,4,,Büttel.,#buettel,27.0,MALE,no_annotation,T,,1802.0,no_annotation,no_annotation
87,87,GerDracor/kannengiesser-die-vierbeinigten-philosophen.xml,"Der Schinder Hannes aus Nagelberg zahlt, wegen ungebührlicher Reden, 3 Mk.",0,74,character_speech,1,4,,Hr. v. Albern.,#herr_von_albern,28.0,MALE,anger,T,,1802.0,negative,emotions of rejection
88,88,GerDracor/kannengiesser-die-vierbeinigten-philosophen.xml,14 ß.,75,80,character_speech,1,4,,Hr. v. Albern.,#herr_von_albern,28.0,MALE,no_annotation,T,,1802.0,no_annotation,no_annotation
89,89,GerDracor/kannengiesser-die-vierbeinigten-philosophen.xml,"Ihr Gnaden, ich hab's so böse nicht gemeynt.",0,44,character_speech,1,4,,Büttel.,#buettel,29.0,MALE,anger,T,,1802.0,negative,emotions of rejection
90,90,GerDracor/kannengiesser-die-vierbeinigten-philosophen.xml,Es ist nur so ein Sprichwort.,45,74,character_speech,1,4,,Büttel.,#buettel,29.0,MALE,no_annotation,T,,1802.0,no_annotation,no_annotation
91,91,GerDracor/kannengiesser-die-vierbeinigten-philosophen.xml,Wollt Ihr zahlen oder soll ich pfeifen?,0,39,character_speech,1,4,,Hr. v. Albern.,#herr_von_albern,30.0,MALE,anger,T,,1802.0,negative,emotions of rejection
92,92,GerDracor/kannengiesser-die-vierbeinigten-philosophen.xml,Geld oder ins Loch zu den andern Hunden!,40,80,character_speech,1,4,,Hr. v. Albern.,#herr_von_albern,30.0,MALE,abhorrence,T,,1802.0,negative,emotions of rejection
93,93,GerDracor/kannengiesser-die-vierbeinigten-philosophen.xml,"Ich
            will euch Rackers lehren, mit mehr Respect zu reden!",81,149,character_speech,1,4,,Hr. v. Albern.,#herr_von_albern,30.0,MALE,anger,T,,1802.0,negative,emotions of rejection
94,94,GerDracor/kannengiesser-die-vierbeinigten-philosophen.xml,(zieht einen ledernen Beutel und zählt),0,39,stage_direction,1,4,speech_part,,#buettel,31.0,MALE,no_annotation,T,,1802.0,no_annotation,no_annotation
95,95,GerDracor/kannengiesser-die-vierbeinigten-philosophen.xml,Herr ich hab nur 3 Mk.,0,22,character_speech,1,4,,Büttel.,#buettel,31.0,MALE,suffering,T,,1802.0,negative,emotions of suffering and empathy
96,96,GerDracor/kannengiesser-die-vierbeinigten-philosophen.xml,"11 ß. Will den Beutel mit hingeben, ist wol noch 3 Schillinge
            werth.",23,103,character_speech,1,4,,Büttel.,#buettel,31.0,MALE,no_annotation,T,,1802.0,no_annotation,no_annotation
97,97,GerDracor/kannengiesser-die-vierbeinigten-philosophen.xml,(Steckt beydes ein),0,19,stage_direction,1,4,speech_part,,#herr_von_albern,32.0,MALE,no_annotation,T,,1802.0,no_annotation,no_annotation
98,98,GerDracor/kannengiesser-die-vierbeinigten-philosophen.xml,"Kann ihn wieder kriegen, wenn er den Rest bringt.",0,49,character_speech,1,4,,Hr. v. Albern.,#herr_von_albern,32.0,MALE,no_annotation,T,,1802.0,no_annotation,no_annotation
99,99,GerDracor/kannengiesser-die-vierbeinigten-philosophen.xml,(tritt auf),0,11,stage_direction,1,5,speech_part,,#jaeger,33.0,MALE,no_annotation,T,,1802.0,no_annotation,no_annotation
100,100,GerDracor/kannengiesser-die-vierbeinigten-philosophen.xml,Ihr Gnaden befehlen?,0,20,character_speech,1,5,,Jäger.,#jaeger,33.0,MALE,"admiration, reverence",T,,1802.0,positive,emotions of affection
101,101,GerDracor/kannengiesser-die-vierbeinigten-philosophen.xml,"Der Schinderhannes aus Nagelberg zahlt künftig für jeden Hund 4 ß. Die Kanzelei hat der
            Hundeliste diese Rubrik hinzuzufügen.",0,137,character_speech,1,5,,Hr. v. Albern.,#herr_von_albern,34.0,MALE,abhorrence,T,,1802.0,negative,emotions of rejection
102,102,GerDracor/kannengiesser-die-vierbeinigten-philosophen.xml,"Ein vornehmer Bürger ist draußen;  seiner Frauen Schooshund soll hier
            seyn.",0,87,character_speech,1,5,,Jäger.,#jaeger,35.0,MALE,no_annotation,T,,1802.0,no_annotation,no_annotation
103,103,GerDracor/kannengiesser-die-vierbeinigten-philosophen.xml,Kann warten!,0,12,character_speech,1,5,,Hr. v. Albern.,#herr_von_albern,36.0,MALE,no_annotation,T,,1802.0,no_annotation,no_annotation
104,104,GerDracor/kannengiesser-die-vierbeinigten-philosophen.xml,"indem er seinen Herrn wittert, wird unruhig, zappelt, jauchzt und sucht sich von
            dem Arm des Büttels loszumachen.)",0,126,stage_direction,1,5,speech_part,,#fiffi,37.0,UNKNOWN,being moved,T,,1802.0,being moved,being moved
105,105,GerDracor/kannengiesser-die-vierbeinigten-philosophen.xml,Was quikt das Vieh!,0,19,character_speech,1,5,,Hr. v. Albern.,#herr_von_albern,38.0,MALE,anger,T,,1802.0,negative,emotions of rejection
106,106,GerDracor/kannengiesser-die-vierbeinigten-philosophen.xml,Schlagn ins Gnick!,20,38,character_speech,1,5,,Hr. v. Albern.,#herr_von_albern,38.0,MALE,anger,T,,1802.0,negative,emotions of rejection
107,107,GerDracor/kannengiesser-die-vierbeinigten-philosophen.xml,Warum denn?,0,11,character_speech,1,5,,Fiffi.,#fiffi,39.0,UNKNOWN,no_annotation,T,,1802.0,no_annotation,no_annotation
108,108,GerDracor/kannengiesser-die-vierbeinigten-philosophen.xml,mir hat niemand als mein Herr zu befehlen.,12,54,character_speech,1,5,,Fiffi.,#fiffi,39.0,UNKNOWN,"admiration, reverence",T,,1802.0,positive,emotions of affection
109,109,GerDracor/kannengiesser-die-vierbeinigten-philosophen.xml,Wenn er nur herein käme.,55,79,character_speech,1,5,,Fiffi.,#fiffi,39.0,UNKNOWN,no_annotation,T,,1802.0,no_annotation,no_annotation
110,110,GerDracor/kannengiesser-die-vierbeinigten-philosophen.xml,Ueber die naseweise Kröte!,0,26,character_speech,1,5,,Hr. v. Albern.,#herr_von_albern,40.0,MALE,abhorrence,T,,1802.0,negative,emotions of rejection
111,111,GerDracor/kannengiesser-die-vierbeinigten-philosophen.xml,Das will ich dir schon zeigen.,27,57,character_speech,1,5,,Hr. v. Albern.,#herr_von_albern,40.0,MALE,no_annotation,T,,1802.0,no_annotation,no_annotation
112,112,GerDracor/kannengiesser-die-vierbeinigten-philosophen.xml,"Todtschlagen könnt ihr mich, aber nicht überzeugen, daß ihr Recht habt, zu handeln, wie
            ihr handelt.",0,112,character_speech,1,5,,Fiffi.,#fiffi,41.0,UNKNOWN,no_annotation,T,,1802.0,no_annotation,no_annotation
113,113,GerDracor/kannengiesser-die-vierbeinigten-philosophen.xml,"Wenn ihr stärker seyd als ich, wenn ihr mehr Gewalt, als eure menschlichen
            Mitbürger besitzt: so muß euch das nicht zum Tyrannen, zum Despoten machen.",113,275,character_speech,1,5,,Fiffi.,#fiffi,41.0,UNKNOWN,abhorrence,T,,1802.0,negative,emotions of rejection
114,114,GerDracor/kannengiesser-die-vierbeinigten-philosophen.xml,"Jede Sache
            hat ihre Gränzen, übertreibt ihr sie: so werdet ihr zwar gefürchtet, aber auch
            verabscheuet.",276,403,character_speech,1,5,,Fiffi.,#fiffi,41.0,UNKNOWN,abhorrence,T,,1802.0,negative,emotions of rejection
115,115,GerDracor/kannengiesser-die-vierbeinigten-philosophen.xml,"Ihr seyd dann dem Gespötte der Menschen und selbst der Thiere Preis
            gegeben, weil ihr keins von beyden schont, sondern lediglich auf ihre Kränkung und
            Unterdrückung denkt.",404,599,character_speech,1,5,,Fiffi.,#fiffi,41.0,UNKNOWN,abhorrence,T,,1802.0,negative,emotions of rejection
116,116,GerDracor/kannengiesser-die-vierbeinigten-philosophen.xml,– Den großen Haufen habt ihr nun auch wieder euch!,600,650,character_speech,1,5,,Fiffi.,#fiffi,41.0,UNKNOWN,no_annotation,T,,1802.0,no_annotation,no_annotation
117,117,GerDracor/kannengiesser-die-vierbeinigten-philosophen.xml,"Glaubt mir, ich
            bin nur ein Hund, habe aber eine solche Erziehung genossen, daß ich wol von Dingen
            mitreden kann, die ihr nur allein zu kennen wähnt.",651,824,character_speech,1,5,,Fiffi.,#fiffi,41.0,UNKNOWN,abhorrence,T,,1802.0,negative,emotions of rejection
118,118,GerDracor/kannengiesser-die-vierbeinigten-philosophen.xml,"Es ist euer Stolz, eure Herrschsucht,
            die euch abhält, gerecht zu seyn.",825,908,character_speech,1,5,,Fiffi.,#fiffi,41.0,UNKNOWN,no_annotation,T,,1802.0,no_annotation,no_annotation
119,119,GerDracor/kannengiesser-die-vierbeinigten-philosophen.xml,"Eine strenge Regierung ist nichts weniger denn  weise; sie gleicht einem Orkan, der nur verwüstet, nichts verschont, was auf
            seiner Bahn liegt, aber bald verschwindet und gräßliche Folgen seines Wütens hinterläßt.",909,1134,character_speech,1,5,,Fiffi.,#fiffi,41.0,UNKNOWN,no_annotation,T,,1802.0,no_annotation,no_annotation
120,120,GerDracor/kannengiesser-die-vierbeinigten-philosophen.xml,"Nicht lange mehr wird der Tagelöhner sein Pfeifchen entbehren; nicht lange mehr wird man
            die freundschaftlichen Gespräche geselliger Menschen für Hochverrath erklären.",1147,1326,character_speech,1,5,,Fiffi.,#fiffi,41.0,UNKNOWN,anger,T,,1802.0,negative,emotions of rejection
121,121,GerDracor/kannengiesser-die-vierbeinigten-philosophen.xml,"Bald wird
            die letzte Grabesnacht, wo kein Laut, als aus euren Polischinell-Pfeifen, ertönte, über
            das sonst so glückliche, fröhliche Halberna geschwebt haben; bald wird eures Reiches ein
            Ende seyn, das mit Wohlthätigkeit fürs Gemeinbeste begann und mit überspannten
            Alfanzereyen beschließt.",1327,1665,character_speech,1,5,,Fiffi.,#fiffi,41.0,UNKNOWN,suffering,T,,1802.0,negative,emotions of suffering and empathy
122,122,GerDracor/kannengiesser-die-vierbeinigten-philosophen.xml,Mir das von einem Hunde!,0,24,character_speech,1,5,,Hr. v. Albern.,#herr_von_albern,42.0,MALE,abhorrence,T,,1802.0,negative,emotions of rejection
123,123,GerDracor/kannengiesser-die-vierbeinigten-philosophen.xml,Du solst bluten!,25,41,character_speech,1,5,,Hr. v. Albern.,#herr_von_albern,42.0,MALE,suffering,T,,1802.0,negative,emotions of suffering and empathy
124,124,GerDracor/kannengiesser-die-vierbeinigten-philosophen.xml,"Jäger, ruf er den Kerl, den Bürger, herein!",42,85,character_speech,1,5,,Hr. v. Albern.,#herr_von_albern,42.0,MALE,no_annotation,T,,1802.0,no_annotation,no_annotation
125,125,GerDracor/kannengiesser-die-vierbeinigten-philosophen.xml,(Jäger ab.),0,11,stage_direction,1,5,inner_speech,,#herr_von_albern,42.0,MALE,no_annotation,T,,1802.0,no_annotation,no_annotation
126,126,GerDracor/kannengiesser-die-vierbeinigten-philosophen.xml, Die Menschen zittern vor mir und die Hunde nicht?,0,50,character_speech,1,5,,Hr. v. Albern.,#herr_von_albern,42.0,MALE,fear,T,,1802.0,negative,emotions of anxiety
127,127,GerDracor/kannengiesser-die-vierbeinigten-philosophen.xml,"Das will
            ich doch sehen!",51,87,character_speech,1,5,,Hr. v. Albern.,#herr_von_albern,42.0,MALE,joy,T,,1802.0,positive,emotions of pleasure
128,128,GerDracor/kannengiesser-die-vierbeinigten-philosophen.xml,"Ich höre, mein Hund ist hier.",0,29,character_speech,1,6,,Bürger.,#buerger,43.0,MALE,fear,T,,1802.0,negative,emotions of anxiety
129,129,GerDracor/kannengiesser-die-vierbeinigten-philosophen.xml,(wird ihn gewahr),0,17,stage_direction,1,6,inner_speech,,#buerger,43.0,MALE,fear,T,,1802.0,negative,emotions of anxiety
130,130,GerDracor/kannengiesser-die-vierbeinigten-philosophen.xml," Bist du da, mein Fiffi?",0,24,character_speech,1,6,,Bürger.,#buerger,43.0,MALE,no_annotation,T,,1802.0,no_annotation,no_annotation
131,131,GerDracor/kannengiesser-die-vierbeinigten-philosophen.xml,"armes Thier, hast wol rechten Hunger?",37,74,character_speech,1,6,,Bürger.,#buerger,43.0,MALE,compassion,T,,1802.0,negative,emotions of suffering and empathy
132,132,GerDracor/kannengiesser-die-vierbeinigten-philosophen.xml,Sollst gleich mitgehen.,75,98,character_speech,1,6,,Bürger.,#buerger,43.0,MALE,no_annotation,T,,1802.0,no_annotation,no_annotation
133,133,GerDracor/kannengiesser-die-vierbeinigten-philosophen.xml,"(zum
              Polizeyherrn)",0,32,stage_direction,1,6,inner_speech,,#buerger,43.0,MALE,no_annotation,T,,1802.0,no_annotation,no_annotation
134,134,GerDracor/kannengiesser-die-vierbeinigten-philosophen.xml, Hier sind die stipulirten 3 Mk.,0,32,character_speech,1,6,,Bürger.,#buerger,43.0,MALE,no_annotation,T,,1802.0,no_annotation,no_annotation
135,135,GerDracor/kannengiesser-die-vierbeinigten-philosophen.xml,"14 ß. Darf ich jetzt meinen Hund
            mitnehmen?",33,88,character_speech,1,6,,Bürger.,#buerger,43.0,MALE,no_annotation,T,,1802.0,no_annotation,no_annotation
136,136,GerDracor/kannengiesser-die-vierbeinigten-philosophen.xml,Nein!,0,5,character_speech,1,6,,Hr. v. Albern.,#herr_von_albern,44.0,MALE,no_annotation,T,,1802.0,no_annotation,no_annotation
137,137,GerDracor/kannengiesser-die-vierbeinigten-philosophen.xml,Der Hund muß sterben.,6,27,character_speech,1,6,,Hr. v. Albern.,#herr_von_albern,44.0,MALE,abhorrence,T,,1802.0,negative,emotions of rejection
138,138,GerDracor/kannengiesser-die-vierbeinigten-philosophen.xml,Mir so zu begegnen; solche unerhörte Dinge zu sagen?,28,80,character_speech,1,6,,Hr. v. Albern.,#herr_von_albern,44.0,MALE,being moved,T,,1802.0,being moved,being moved
139,139,GerDracor/kannengiesser-die-vierbeinigten-philosophen.xml,Hat mein Hund Sprache bekommen?,0,31,character_speech,1,6,,Bürger.,#buerger,45.0,MALE,no_annotation,T,,1802.0,no_annotation,no_annotation
140,140,GerDracor/kannengiesser-die-vierbeinigten-philosophen.xml,Das in ein Wunderwerk!,32,54,character_speech,1,6,,Bürger.,#buerger,45.0,MALE,no_annotation,T,,1802.0,no_annotation,no_annotation
141,141,GerDracor/kannengiesser-die-vierbeinigten-philosophen.xml,"Ja, Herr!",0,9,character_speech,1,6,,Fiffi.,#fiffi,46.0,UNKNOWN,no_annotation,T,,1802.0,no_annotation,no_annotation
142,142,GerDracor/kannengiesser-die-vierbeinigten-philosophen.xml,"Mir ist wie weiland Byleams Esel, die Gabe verliehen, einem Tyrannen die
            Wahrheit zu sagen.",10,113,character_speech,1,6,,Fiffi.,#fiffi,46.0,UNKNOWN,"admiration, reverence",T,,1802.0,positive,emotions of affection
143,143,GerDracor/kannengiesser-die-vierbeinigten-philosophen.xml,Dafür soll er auch todtgeschlagen werden.,0,41,character_speech,1,6,,Hr. v. Albern.,#herr_von_albern,47.0,MALE,abhorrence,T,,1802.0,negative,emotions of rejection
144,144,GerDracor/kannengiesser-die-vierbeinigten-philosophen.xml,Er darf sich kein,42,59,character_speech,1,6,,Hr. v. Albern.,#herr_von_albern,47.0,MALE,no_annotation,T,,1802.0,no_annotation,no_annotation
145,145,GerDracor/kannengiesser-die-vierbeinigten-philosophen.xml,(zu dem Büttel),0,15,stage_direction,1,6,inner_speech,,#herr_von_albern,47.0,MALE,no_annotation,T,,1802.0,no_annotation,no_annotation
146,146,GerDracor/kannengiesser-die-vierbeinigten-philosophen.xml, Abgethan!,0,10,character_speech,1,6,,Hr. v. Albern.,#herr_von_albern,47.0,MALE,suffering,T,,1802.0,negative,emotions of suffering and empathy
147,147,GerDracor/kannengiesser-die-vierbeinigten-philosophen.xml,"und daß ich nur die 4 ß. in der Liste
            aufgeführt finde!",11,78,character_speech,1,6,,Hr. v. Albern.,#herr_von_albern,47.0,MALE,no_annotation,T,,1802.0,no_annotation,no_annotation
148,148,GerDracor/kannengiesser-die-vierbeinigten-philosophen.xml,(will gehn),0,11,stage_direction,1,6,speech_part,,#buettel,48.0,MALE,no_annotation,T,,1802.0,no_annotation,no_annotation
149,149,GerDracor/kannengiesser-die-vierbeinigten-philosophen.xml,(hält ihn zurück),0,17,stage_direction,1,6,speech_part,,#buerger,49.0,MALE,no_annotation,T,,1802.0,no_annotation,no_annotation
150,150,GerDracor/kannengiesser-die-vierbeinigten-philosophen.xml,"Kraft der Verordnung, daß jeder seinen Hund gegen Erlegung der Gebühr, wieder erhalten
            kann, verlange ich auch den meinigen zurük.",0,142,character_speech,1,6,,Bürger.,#buerger,49.0,MALE,no_annotation,T,,1802.0,no_annotation,no_annotation
151,151,GerDracor/kannengiesser-die-vierbeinigten-philosophen.xml,"Sie können nicht Kläger und Richter zugleich
            seyn.",143,205,character_speech,1,6,,Bürger.,#buerger,49.0,MALE,no_annotation,T,,1802.0,no_annotation,no_annotation
152,152,GerDracor/kannengiesser-die-vierbeinigten-philosophen.xml,"Hat mein Hund gefehlt: so ziehen Sie ihn vor ein Hundetribunal; es wird ja in
            Halberna auch daran nicht fehlen; er soll prompt erscheinen und sich vertheidigen; aber
            morden lassen können Sie ihn nicht.",206,431,character_speech,1,6,,Bürger.,#buerger,49.0,MALE,abhorrence,T,,1802.0,negative,emotions of rejection
153,153,GerDracor/kannengiesser-die-vierbeinigten-philosophen.xml,Die bezahlten 3 Mk.,0,19,character_speech,1,6,,Hr. v. Albern.,#herr_von_albern,50.0,MALE,no_annotation,T,,1802.0,no_annotation,no_annotation
154,154,GerDracor/kannengiesser-die-vierbeinigten-philosophen.xml,"14 ß. hat er verwirkt, durch sein loses Maul.",20,65,character_speech,1,6,,Hr. v. Albern.,#herr_von_albern,50.0,MALE,abhorrence,T,,1802.0,negative,emotions of rejection
155,155,GerDracor/kannengiesser-die-vierbeinigten-philosophen.xml,Der Hund muß sterben.,66,87,character_speech,1,6,,Hr. v. Albern.,#herr_von_albern,50.0,MALE,abhorrence,T,,1802.0,negative,emotions of rejection
156,156,GerDracor/kannengiesser-die-vierbeinigten-philosophen.xml,Nun marsch!,100,111,character_speech,1,6,,Hr. v. Albern.,#herr_von_albern,50.0,MALE,no_annotation,T,,1802.0,no_annotation,no_annotation
157,157,GerDracor/kannengiesser-die-vierbeinigten-philosophen.xml,vorwärts!,112,121,character_speech,1,6,,Hr. v. Albern.,#herr_von_albern,50.0,MALE,no_annotation,T,,1802.0,no_annotation,no_annotation
158,158,GerDracor/kannengiesser-die-vierbeinigten-philosophen.xml,Oder – –,122,130,character_speech,1,6,,Hr. v. Albern.,#herr_von_albern,50.0,MALE,no_annotation,T,,1802.0,no_annotation,no_annotation
159,159,GerDracor/kannengiesser-die-vierbeinigten-philosophen.xml,"Ihr Gewaltigen der Erde, wie wirds euch dort ergehen, wo's noch einen Gewaltigern
            giebt, als ihr.",0,109,character_speech,1,6,,Bürger.,#buerger,51.0,MALE,no_annotation,T,,1802.0,no_annotation,no_annotation
160,160,GerDracor/kannengiesser-die-vierbeinigten-philosophen.xml,(Mit dem Büttel ab.),0,20,stage_direction,1,6,inner_speech,,#buerger,51.0,MALE,no_annotation,T,,1802.0,no_annotation,no_annotation
161,161,GerDracor/kannengiesser-die-vierbeinigten-philosophen.xml,Ein Krüger will aufwarten.,0,26,character_speech,1,7,,Jäger.,#jaeger,52.0,MALE,no_annotation,T,,1802.0,no_annotation,no_annotation
162,162,GerDracor/kannengiesser-die-vierbeinigten-philosophen.xml,Kann vortreten.,0,15,character_speech,1,7,,Hr. v. Albern.,#herr_von_albern,53.0,MALE,no_annotation,T,,1802.0,no_annotation,no_annotation
163,163,GerDracor/kannengiesser-die-vierbeinigten-philosophen.xml,(Jäger ab),0,10,stage_direction,1,7,inner_speech,,#herr_von_albern,53.0,MALE,no_annotation,T,,1802.0,no_annotation,no_annotation
164,164,GerDracor/kannengiesser-die-vierbeinigten-philosophen.xml, Wird wol einen von euch beyden Hunden,0,38,character_speech,1,7,,Hr. v. Albern.,#herr_von_albern,53.0,MALE,abhorrence,T,,1802.0,negative,emotions of rejection
165,165,GerDracor/kannengiesser-die-vierbeinigten-philosophen.xml," ranzioniren wollen – Sollte euch billig alle gleich auf der Straße
            todtschlagen lassen; brauchte mich nicht so zu ärgern.",0,134,character_speech,1,7,,Hr. v. Albern.,#herr_von_albern,53.0,MALE,anger,T,,1802.0,negative,emotions of rejection
166,166,GerDracor/kannengiesser-die-vierbeinigten-philosophen.xml,"– Wäre ich nicht zu stolz, ein
            einmal gegebenes Edikt zu widerrufen, litten nicht die Finanzen darunter – keiner sollte
            mir am Leben bleiben.",135,300,character_speech,1,7,,Hr. v. Albern.,#herr_von_albern,53.0,MALE,no_annotation,T,,1802.0,no_annotation,no_annotation
167,167,GerDracor/kannengiesser-die-vierbeinigten-philosophen.xml,Verzeihen!,0,10,character_speech,1,7,,Krüger.,#krueger,54.0,MALE,no_annotation,T,,1802.0,no_annotation,no_annotation
168,168,GerDracor/kannengiesser-die-vierbeinigten-philosophen.xml,(indem er Phylax gewahr wird und ihn streichelt),0,48,stage_direction,1,7,inner_speech,,#krueger,54.0,MALE,"admiration, reverence",T,,1802.0,positive,emotions of affection
169,169,GerDracor/kannengiesser-die-vierbeinigten-philosophen.xml," Dacht ichs
            doch, daß man dich weggefangen hatte.",0,61,character_speech,1,7,,Krüger.,#krueger,54.0,MALE,Schadenfreude,T,,1802.0,positive,emotions of pleasure
170,170,GerDracor/kannengiesser-die-vierbeinigten-philosophen.xml,Was will er?,0,12,character_speech,1,7,,Hr. v. Albern.,#herr_von_albern,55.0,MALE,no_annotation,T,,1802.0,no_annotation,no_annotation
171,171,GerDracor/kannengiesser-die-vierbeinigten-philosophen.xml,"Das ist ja mein Hund, den will ich lösen.",0,41,character_speech,1,7,,Krüger.,#krueger,56.0,MALE,no_annotation,T,,1802.0,no_annotation,no_annotation
172,172,GerDracor/kannengiesser-die-vierbeinigten-philosophen.xml,"Hab zwar nicht viel, der Verdienst ist gar
            schlecht, kommt keine Seele – gehn lieber nach Freiken, wo sie eine Pfeife rauchen
            können, als zu unser eins.",42,218,character_speech,1,7,,Krüger.,#krueger,56.0,MALE,no_annotation,T,,1802.0,no_annotation,no_annotation
173,173,GerDracor/kannengiesser-die-vierbeinigten-philosophen.xml,"Das Bier wird sauer im Keller und der Brauer will doch
            bezahlt seyn; hat ja auch nichts zu thun.",219,327,character_speech,1,7,,Krüger.,#krueger,56.0,MALE,no_annotation,T,,1802.0,no_annotation,no_annotation
174,174,GerDracor/kannengiesser-die-vierbeinigten-philosophen.xml,"Gießt mans zuletzt auf die schöne Strasse und
            sieht zu, wie es in dem wohlgepflasterten Rinnstein schäumend dahin fließt – aber das
            will nicht sagen; – behilft man sich!",328,521,character_speech,1,7,,Krüger.,#krueger,56.0,MALE,no_annotation,T,,1802.0,no_annotation,no_annotation
175,175,GerDracor/kannengiesser-die-vierbeinigten-philosophen.xml,– Hier sind 3 Mk.,522,539,character_speech,1,7,,Krüger.,#krueger,56.0,MALE,no_annotation,T,,1802.0,no_annotation,no_annotation
176,176,GerDracor/kannengiesser-die-vierbeinigten-philosophen.xml,14 ß. für meinen Philax.,540,564,character_speech,1,7,,Krüger.,#krueger,56.0,MALE,no_annotation,T,,1802.0,no_annotation,no_annotation
177,177,GerDracor/kannengiesser-die-vierbeinigten-philosophen.xml,Noch 3 Mk.,0,10,character_speech,1,7,,Hr. v. Albern.,#herr_von_albern,57.0,MALE,no_annotation,T,,1802.0,no_annotation,no_annotation
178,178,GerDracor/kannengiesser-die-vierbeinigten-philosophen.xml,14 ß.,11,16,character_speech,1,7,,Hr. v. Albern.,#herr_von_albern,57.0,MALE,no_annotation,T,,1802.0,no_annotation,no_annotation
179,179,GerDracor/kannengiesser-die-vierbeinigten-philosophen.xml,Wofür?,0,6,character_speech,1,7,,Krüger.,#krueger,58.0,MALE,no_annotation,T,,1802.0,no_annotation,no_annotation
180,180,GerDracor/kannengiesser-die-vierbeinigten-philosophen.xml,Weil er raisonirt hat.,0,22,character_speech,1,7,,Hr. v. Albern.,#herr_von_albern,59.0,MALE,no_annotation,T,,1802.0,no_annotation,no_annotation
181,181,GerDracor/kannengiesser-die-vierbeinigten-philosophen.xml,Fluchs!,23,30,character_speech,1,7,,Hr. v. Albern.,#herr_von_albern,59.0,MALE,no_annotation,T,,1802.0,no_annotation,no_annotation
182,182,GerDracor/kannengiesser-die-vierbeinigten-philosophen.xml,"Herr, ich hab nicht so viel!",0,28,character_speech,1,7,,Krüger.,#krueger,60.0,MALE,suffering,T,,1802.0,negative,emotions of suffering and empathy
183,183,GerDracor/kannengiesser-die-vierbeinigten-philosophen.xml,Das ist alles,29,42,character_speech,1,7,,Krüger.,#krueger,60.0,MALE,no_annotation,T,,1802.0,no_annotation,no_annotation
184,184,GerDracor/kannengiesser-die-vierbeinigten-philosophen.xml,(auf das Geld deutend),0,22,stage_direction,1,7,inner_speech,,#krueger,60.0,MALE,no_annotation,T,,1802.0,no_annotation,no_annotation
185,185,GerDracor/kannengiesser-die-vierbeinigten-philosophen.xml," was
            ich in der ganzen Woche gelößt habe.",0,53,character_speech,1,7,,Krüger.,#krueger,60.0,MALE,no_annotation,T,,1802.0,no_annotation,no_annotation
186,186,GerDracor/kannengiesser-die-vierbeinigten-philosophen.xml,Geht mich nicht an.,0,19,character_speech,1,7,,Hr. v. Albern.,#herr_von_albern,61.0,MALE,anger,T,,1802.0,negative,emotions of rejection
187,187,GerDracor/kannengiesser-die-vierbeinigten-philosophen.xml,Ein andermal haltet das Maul!,20,49,character_speech,1,7,,Hr. v. Albern.,#herr_von_albern,61.0,MALE,anger,T,,1802.0,negative,emotions of rejection
188,188,GerDracor/kannengiesser-die-vierbeinigten-philosophen.xml,Ihr müßt Respect brauchen.,50,76,character_speech,1,7,,Hr. v. Albern.,#herr_von_albern,61.0,MALE,anger,T,,1802.0,negative,emotions of rejection
189,189,GerDracor/kannengiesser-die-vierbeinigten-philosophen.xml,(sucht in seinen Taschen).,0,26,stage_direction,1,7,speech_part,,#krueger,62.0,MALE,no_annotation,T,,1802.0,no_annotation,no_annotation
190,190,GerDracor/kannengiesser-die-vierbeinigten-philosophen.xml,(springt auf),0,13,stage_direction,1,7,speech_part,,#philax,63.0,UNKNOWN,being moved,T,,1802.0,being moved,being moved
191,191,GerDracor/kannengiesser-die-vierbeinigten-philosophen.xml,"Nein, das geht zu weit!",0,23,character_speech,1,7,,Philax.,#philax,63.0,UNKNOWN,anger,T,,1802.0,negative,emotions of rejection
192,192,GerDracor/kannengiesser-die-vierbeinigten-philosophen.xml,"Lieber schlagt auch mich todt, als daß ihr meinen guten Herrn
            plündert.",24,107,character_speech,1,7,,Philax.,#philax,63.0,UNKNOWN,anger,T,,1802.0,negative,emotions of rejection
193,193,GerDracor/kannengiesser-die-vierbeinigten-philosophen.xml,"Er kann mir ohnehin jetzt nicht satt geben, weil ihr durch euer verdammtes
            Pfeifenmandat alle Gäste verscheuchtet.",108,234,character_speech,1,7,,Philax.,#philax,63.0,UNKNOWN,anger,T,,1802.0,negative,emotions of rejection
194,194,GerDracor/kannengiesser-die-vierbeinigten-philosophen.xml,Zehn Jahre hab ich reichlich gehabt.,235,271,character_speech,1,7,,Philax.,#philax,63.0,UNKNOWN,joy,T,,1802.0,positive,emotions of pleasure
195,195,GerDracor/kannengiesser-die-vierbeinigten-philosophen.xml,"Lieber todt
            als hungern!",272,308,character_speech,1,7,,Philax.,#philax,63.0,UNKNOWN,despair,T,,1802.0,negative,emotions of anxiety
196,196,GerDracor/kannengiesser-die-vierbeinigten-philosophen.xml,"Entweder, mein Herr zahlt nichts, oder ich bleibe hier.",309,364,character_speech,1,7,,Philax.,#philax,63.0,UNKNOWN,anger,T,,1802.0,negative,emotions of rejection
197,197,GerDracor/kannengiesser-die-vierbeinigten-philosophen.xml,"Ums Himmelswillen, was ist das?",0,31,character_speech,1,7,,Krüger.,#krueger,64.0,MALE,fear,T,,1802.0,negative,emotions of anxiety
198,198,GerDracor/kannengiesser-die-vierbeinigten-philosophen.xml,Mein Hund kann reden?,32,53,character_speech,1,7,,Krüger.,#krueger,64.0,MALE,anger,T,,1802.0,negative,emotions of rejection
199,199,GerDracor/kannengiesser-die-vierbeinigten-philosophen.xml,"Herr ich will gern bezahlen, was
            sie verlangen, und sollt ichs von zehn Juden aufnehmen; nur geben sie mir den Hund
            wieder.",54,201,character_speech,1,7,,Krüger.,#krueger,64.0,MALE,anger,T,,1802.0,negative,emotions of rejection
200,200,GerDracor/kannengiesser-die-vierbeinigten-philosophen.xml,Daß er mir das Volk aufwiegelte!,0,32,character_speech,1,7,,Hr. v. Albern.,#herr_von_albern,65.0,MALE,anger,T,,1802.0,negative,emotions of rejection
201,201,GerDracor/kannengiesser-die-vierbeinigten-philosophen.xml,Daraus wird nichts!,33,52,character_speech,1,7,,Hr. v. Albern.,#herr_von_albern,65.0,MALE,no_annotation,T,,1802.0,no_annotation,no_annotation
202,202,GerDracor/kannengiesser-die-vierbeinigten-philosophen.xml,"Er kann gehn, aber der Hund muß
            sterben.",53,105,character_speech,1,7,,Hr. v. Albern.,#herr_von_albern,65.0,MALE,abhorrence,T,,1802.0,negative,emotions of rejection
203,203,GerDracor/kannengiesser-die-vierbeinigten-philosophen.xml,Und mein Geld?,0,14,character_speech,1,7,,Krüger.,#krueger,66.0,MALE,being moved,T,,1802.0,being moved,being moved
204,204,GerDracor/kannengiesser-die-vierbeinigten-philosophen.xml,Ist richtig gezählt.,0,20,character_speech,1,7,,Hr. v. Albern.,#herr_von_albern,67.0,MALE,no_annotation,T,,1802.0,no_annotation,no_annotation
205,205,GerDracor/kannengiesser-die-vierbeinigten-philosophen.xml,"Hüte er sich künftig für dergleichen ansteckende Redensarten,
            sonst – kann er ein wenig in die Karre spatziren –",21,145,character_speech,1,7,,Hr. v. Albern.,#herr_von_albern,67.0,MALE,anger,T,,1802.0,negative,emotions of rejection
206,206,GerDracor/kannengiesser-die-vierbeinigten-philosophen.xml,Sie mögens verantworten!,0,24,character_speech,1,7,,Krüger.,#krueger,68.0,MALE,anger,T,,1802.0,negative,emotions of rejection
207,207,GerDracor/kannengiesser-die-vierbeinigten-philosophen.xml,"(Er liebkoset seinen Hund, der ihm die Thränen ableckt,
              und schleicht langsam ab.)",0,96,stage_direction,1,7,inner_speech,,#krueger,68.0,MALE,no_annotation,T,,1802.0,no_annotation,no_annotation
208,208,GerDracor/kannengiesser-die-vierbeinigten-philosophen.xml,"(hält in der Scene einen Juden zurück, der sich mit Gewalt vordrängt)",0,69,stage_direction,1,8,speech_part,,#jaeger,69.0,MALE,no_annotation,T,,1802.0,no_annotation,no_annotation
209,209,GerDracor/kannengiesser-die-vierbeinigten-philosophen.xml,So warte doch Jude!,0,19,character_speech,1,8,,Jäger.,#jaeger,69.0,MALE,no_annotation,T,,1802.0,no_annotation,no_annotation
210,210,GerDracor/kannengiesser-die-vierbeinigten-philosophen.xml,Was hat er da?,0,14,character_speech,1,8,,Herr v. Albern.,#herr_von_albern,70.0,MALE,no_annotation,T,,1802.0,no_annotation,no_annotation
211,211,GerDracor/kannengiesser-die-vierbeinigten-philosophen.xml,"Der Jude Itzig kann nicht warten;  sein Schabbes geht an, und
            ihm gehört der eine Hund.",0,99,character_speech,1,8,,Jäger.,#jaeger,71.0,MALE,no_annotation,T,,1802.0,no_annotation,no_annotation
212,212,GerDracor/kannengiesser-die-vierbeinigten-philosophen.xml,"Nun, nun, er darf dann kein Geld anfassen – Kann kommen.",0,56,character_speech,1,8,,Hr. v. Albern.,#herr_von_albern,72.0,MALE,no_annotation,T,,1802.0,no_annotation,no_annotation
213,213,GerDracor/kannengiesser-die-vierbeinigten-philosophen.xml,(Jäger ab.),0,11,stage_direction,1,8,inner_speech,,#herr_von_albern,72.0,MALE,no_annotation,T,,1802.0,no_annotation,no_annotation
214,214,GerDracor/kannengiesser-die-vierbeinigten-philosophen.xml,Harr!,0,5,character_speech,1,9,,Itzig.,#itzig,73.0,MALE,no_annotation,T,,1802.0,no_annotation,no_annotation
215,215,GerDracor/kannengiesser-die-vierbeinigten-philosophen.xml,"Mayn Hunt, mayn Hunt.",6,27,character_speech,1,9,,Itzig.,#itzig,73.0,MALE,no_annotation,T,,1802.0,no_annotation,no_annotation
216,216,GerDracor/kannengiesser-die-vierbeinigten-philosophen.xml,mayn Wachtel!,28,41,character_speech,1,9,,Itzig.,#itzig,73.0,MALE,no_annotation,T,,1802.0,no_annotation,no_annotation
217,217,GerDracor/kannengiesser-die-vierbeinigten-philosophen.xml,"Ach, dos Kott arbarm, dos orme Thier!",42,79,character_speech,1,9,,Itzig.,#itzig,73.0,MALE,suffering,T,,1802.0,negative,emotions of suffering and empathy
218,218,GerDracor/kannengiesser-die-vierbeinigten-philosophen.xml,"Hots
            denn was su esse bekumme?",80,122,character_speech,1,9,,Itzig.,#itzig,73.0,MALE,anger,T,,1802.0,negative,emotions of rejection
219,219,GerDracor/kannengiesser-die-vierbeinigten-philosophen.xml,"Halt den Bart, Jude, und zahl 3 Mk.",0,35,character_speech,1,9,,Herr v. Albern.,#herr_von_albern,74.0,MALE,anger,T,,1802.0,negative,emotions of rejection
220,220,GerDracor/kannengiesser-die-vierbeinigten-philosophen.xml,14 ß.,36,41,character_speech,1,9,,Herr v. Albern.,#herr_von_albern,74.0,MALE,no_annotation,T,,1802.0,no_annotation,no_annotation
221,221,GerDracor/kannengiesser-die-vierbeinigten-philosophen.xml,Drai Mork vierzehn Schilling?,0,29,character_speech,1,9,,Itzig.,#itzig,75.0,MALE,being moved,T,,1802.0,being moved,being moved
222,222,GerDracor/kannengiesser-die-vierbeinigten-philosophen.xml,"O, als Kott lebt!",30,47,character_speech,1,9,,Itzig.,#itzig,75.0,MALE,no_annotation,T,,1802.0,no_annotation,no_annotation
223,223,GerDracor/kannengiesser-die-vierbeinigten-philosophen.xml,dos is doch eppes su viel!,48,74,character_speech,1,9,,Itzig.,#itzig,75.0,MALE,suffering,T,,1802.0,negative,emotions of suffering and empathy
224,224,GerDracor/kannengiesser-die-vierbeinigten-philosophen.xml,"Ist nischt
            su verdiene baym Schacher!",75,124,character_speech,1,9,,Itzig.,#itzig,75.0,MALE,anger,T,,1802.0,negative,emotions of rejection
225,225,GerDracor/kannengiesser-die-vierbeinigten-philosophen.xml,Kommt kai Handwerkspursch mear noch Halberna.,125,170,character_speech,1,9,,Itzig.,#itzig,75.0,MALE,no_annotation,T,,1802.0,no_annotation,no_annotation
226,226,GerDracor/kannengiesser-die-vierbeinigten-philosophen.xml,All’s todt!,171,182,character_speech,1,9,,Itzig.,#itzig,75.0,MALE,despair,T,,1802.0,negative,emotions of anxiety
227,227,GerDracor/kannengiesser-die-vierbeinigten-philosophen.xml,"hobch doch kehandelt mit Zicharches; skaufes kainer, sbrauchts kainer.",195,265,character_speech,1,9,,Itzig.,#itzig,75.0,MALE,no_annotation,T,,1802.0,no_annotation,no_annotation
228,228,GerDracor/kannengiesser-die-vierbeinigten-philosophen.xml,"Wenn nicht wär
            die Zolenlotterie, gingh derhaim, und mocht mich capores!",266,350,character_speech,1,9,,Itzig.,#itzig,75.0,MALE,no_annotation,T,,1802.0,no_annotation,no_annotation
229,229,GerDracor/kannengiesser-die-vierbeinigten-philosophen.xml,– Harr!,351,358,character_speech,1,9,,Itzig.,#itzig,75.0,MALE,no_annotation,T,,1802.0,no_annotation,no_annotation
230,230,GerDracor/kannengiesser-die-vierbeinigten-philosophen.xml,"mayn Wachtel ist a
            gutes Thier.",359,402,character_speech,1,9,,Itzig.,#itzig,75.0,MALE,no_annotation,T,,1802.0,no_annotation,no_annotation
231,231,GerDracor/kannengiesser-die-vierbeinigten-philosophen.xml,Hundert Tholer solls mir koste.,403,434,character_speech,1,9,,Itzig.,#itzig,75.0,MALE,anger,T,,1802.0,negative,emotions of rejection
232,232,GerDracor/kannengiesser-die-vierbeinigten-philosophen.xml,"Wulls ach kerrn gebe, hobs laider nicht!",435,475,character_speech,1,9,,Itzig.,#itzig,75.0,MALE,anger,T,,1802.0,negative,emotions of rejection
233,233,GerDracor/kannengiesser-die-vierbeinigten-philosophen.xml,"Willn zohlen vierzik Schilling – zwa und vierzik – Nu, was sogt der Harr?",488,561,character_speech,1,9,,Itzig.,#itzig,75.0,MALE,anger,T,,1802.0,negative,emotions of rejection
234,234,GerDracor/kannengiesser-die-vierbeinigten-philosophen.xml,Daß du ein Narr bist.,0,21,character_speech,1,9,,Hr. v. Albern.,#herr_von_albern,76.0,MALE,no_annotation,T,,1802.0,no_annotation,no_annotation
235,235,GerDracor/kannengiesser-die-vierbeinigten-philosophen.xml,Hier wird nicht gehandelt.,22,48,character_speech,1,9,,Hr. v. Albern.,#herr_von_albern,76.0,MALE,no_annotation,T,,1802.0,no_annotation,no_annotation
236,236,GerDracor/kannengiesser-die-vierbeinigten-philosophen.xml,"Und wenn du krumme Sprünge machst, laß
            ich dich ins Loch werfen.",49,125,character_speech,1,9,,Hr. v. Albern.,#herr_von_albern,76.0,MALE,anger,T,,1802.0,negative,emotions of rejection
237,237,GerDracor/kannengiesser-die-vierbeinigten-philosophen.xml,(hebt sich von der Erde und spricht im heroischen Ton),0,54,stage_direction,1,9,speech_part,,#wachtel,77.0,UNKNOWN,no_annotation,T,,1802.0,no_annotation,no_annotation
238,238,GerDracor/kannengiesser-die-vierbeinigten-philosophen.xml,Nicht ohne mich!,0,16,character_speech,1,9,,Wachtel.,#wachtel,77.0,UNKNOWN,no_annotation,T,,1802.0,no_annotation,no_annotation
239,239,GerDracor/kannengiesser-die-vierbeinigten-philosophen.xml,Gotts Wunder!,0,13,character_speech,1,9,,Itzig.,#itzig,78.0,MALE,being moved,T,,1802.0,being moved,being moved
240,240,GerDracor/kannengiesser-die-vierbeinigten-philosophen.xml,mayn Wachtel schmuust!,14,36,character_speech,1,9,,Itzig.,#itzig,78.0,MALE,no_annotation,T,,1802.0,no_annotation,no_annotation
241,241,GerDracor/kannengiesser-die-vierbeinigten-philosophen.xml,!,36,37,character_speech,1,9,,Itzig.,#itzig,78.0,MALE,no_annotation,T,,1802.0,no_annotation,no_annotation
242,242,GerDracor/kannengiesser-die-vierbeinigten-philosophen.xml,Zwey meiner Unglücksgefährten büßten ihre Treue mit dem Leben.,0,62,character_speech,1,9,,Wachtel.,#wachtel,79.0,UNKNOWN,suffering,T,,1802.0,negative,emotions of suffering and empathy
243,243,GerDracor/kannengiesser-die-vierbeinigten-philosophen.xml,"Ich will nicht weniger
               seyn als sie.",63,114,character_speech,1,9,,Wachtel.,#wachtel,79.0,UNKNOWN,love,T,,1802.0,positive,emotions of affection
244,244,GerDracor/kannengiesser-die-vierbeinigten-philosophen.xml,"– Schlagt künftig immerhin die Hunde todt, aber schont eure
            Nebenmenschen, schmiedet sie nicht in Fesseln, deren ungewohnte Last sie nicht zu tragen
            vermögen.",115,297,character_speech,1,9,,Wachtel.,#wachtel,79.0,UNKNOWN,no_annotation,T,,1802.0,no_annotation,no_annotation
245,245,GerDracor/kannengiesser-die-vierbeinigten-philosophen.xml,Seyd ordnungsliebende Vorbilder und ihr werdet getreue Nachfolger haben.,298,370,character_speech,1,9,,Wachtel.,#wachtel,79.0,UNKNOWN,joy,T,,1802.0,positive,emotions of pleasure
246,246,GerDracor/kannengiesser-die-vierbeinigten-philosophen.xml,"Vieles, was ihr bisher gethan habt, ist gut; aber ihr übertreibt so sehr, daß man euch
            des Wahnsinns nicht mit Unrecht beschuldigt!",383,526,character_speech,1,9,,Wachtel.,#wachtel,79.0,UNKNOWN,anger,T,,1802.0,negative,emotions of rejection
247,247,GerDracor/kannengiesser-die-vierbeinigten-philosophen.xml,"Uns Hunde schlagt ihr todt oder fangt sie
            ein, weil ihr euch vor unserm Bisse fürchtet, der euch toll macht; aber ihr selbst setzt
            eurer Tollheit keine Grenzen.",527,711,character_speech,1,9,,Wachtel.,#wachtel,79.0,UNKNOWN,abhorrence,T,,1802.0,negative,emotions of rejection
248,248,GerDracor/kannengiesser-die-vierbeinigten-philosophen.xml,"Der Große beherrscht despotisch seine Untergebenen und die
            Untergebenen tyrannisiren sich muthwillig untereinander.",712,839,character_speech,1,9,,Wachtel.,#wachtel,79.0,UNKNOWN,abhorrence,T,,1802.0,negative,emotions of rejection
249,249,GerDracor/kannengiesser-die-vierbeinigten-philosophen.xml,"Dazu gab euch die Natur, was
            mir nur auf Augenblicke, um euch die Wahrheit zu sagen, verliehen ist, die beredte
            Zunge, eure Mitmenschen durch Verläumdung heimtückisch zu schaden – um Ehre, Brodt und
            Leben zu bringen.",840,1092,character_speech,1,9,,Wachtel.,#wachtel,79.0,UNKNOWN,abhorrence,T,,1802.0,negative,emotions of rejection
250,250,GerDracor/kannengiesser-die-vierbeinigten-philosophen.xml,"– Mein Herr wird fernerhin keinen Hund füttern können, da einer seiner
            kleinen Erwerbzweige ganz aufgehört hat; kümmerlich wird er selbst leben müssen;
            folglich soll er keine Strafe für mich zahlen, denn ich werde als treuer Hund zu sterben
            wissen!",1093,1377,character_speech,1,9,,Wachtel.,#wachtel,79.0,UNKNOWN,abhorrence,T,,1802.0,negative,emotions of rejection
251,251,GerDracor/kannengiesser-die-vierbeinigten-philosophen.xml,"Gnode, Harr!",0,12,character_speech,1,9,,Itzig.,#itzig,80.0,MALE,no_annotation,T,,1802.0,no_annotation,no_annotation
252,252,GerDracor/kannengiesser-die-vierbeinigten-philosophen.xml,für mayn Wachtel!,13,30,character_speech,1,9,,Itzig.,#itzig,80.0,MALE,no_annotation,T,,1802.0,no_annotation,no_annotation
253,253,GerDracor/kannengiesser-die-vierbeinigten-philosophen.xml,Hier ist a Species und auch die zway Schilling.,31,78,character_speech,1,9,,Itzig.,#itzig,80.0,MALE,no_annotation,T,,1802.0,no_annotation,no_annotation
254,254,GerDracor/kannengiesser-die-vierbeinigten-philosophen.xml,"Och, wos
            ist dos doch für ain capitoler Hunt!",79,136,character_speech,1,9,,Itzig.,#itzig,80.0,MALE,no_annotation,T,,1802.0,no_annotation,no_annotation
255,255,GerDracor/kannengiesser-die-vierbeinigten-philosophen.xml,"Das Geld hättest du doch bezahlen müssen, weil du dich mit Reden gegen mich vergangen.",0,86,character_speech,1,9,,Hr. v. Albern.,#herr_von_albern,81.0,MALE,anger,T,,1802.0,negative,emotions of rejection
256,256,GerDracor/kannengiesser-die-vierbeinigten-philosophen.xml,"Dein Hund muß sterben, so wahr ich ein ehrlicher Mann bin!",99,157,character_speech,1,9,,Hr. v. Albern.,#herr_von_albern,81.0,MALE,abhorrence,T,,1802.0,negative,emotions of rejection
257,257,GerDracor/kannengiesser-die-vierbeinigten-philosophen.xml,"Nun, als Kott lebt!",0,19,character_speech,1,9,,Itzig.,#itzig,82.0,MALE,no_annotation,T,,1802.0,no_annotation,no_annotation
258,258,GerDracor/kannengiesser-die-vierbeinigten-philosophen.xml,Mayn Kelt nimmt,20,35,character_speech,1,9,,Itzig.,#itzig,82.0,MALE,no_annotation,T,,1802.0,no_annotation,no_annotation
259,259,GerDracor/kannengiesser-die-vierbeinigten-philosophen.xml, der Harr und mayn Wachtel auch?,0,32,character_speech,1,9,,Itzig.,#itzig,82.0,MALE,no_annotation,T,,1802.0,no_annotation,no_annotation
260,260,GerDracor/kannengiesser-die-vierbeinigten-philosophen.xml,"Dos
            ist krischtlich!",33,65,character_speech,1,9,,Itzig.,#itzig,82.0,MALE,anger,T,,1802.0,negative,emotions of rejection
261,261,GerDracor/kannengiesser-die-vierbeinigten-philosophen.xml,O way keschrien!,66,82,character_speech,1,9,,Itzig.,#itzig,82.0,MALE,no_annotation,T,,1802.0,no_annotation,no_annotation
262,262,GerDracor/kannengiesser-die-vierbeinigten-philosophen.xml,(ab.),0,5,stage_direction,1,9,inner_speech,,#itzig,82.0,MALE,no_annotation,T,,1802.0,no_annotation,no_annotation
263,263,GerDracor/kannengiesser-die-vierbeinigten-philosophen.xml,Ein Schlachter mit einem Bullenbeisser ist eingefangen.,0,55,character_speech,1,10,,Jäger.,#jaeger,83.0,MALE,no_annotation,T,,1802.0,no_annotation,no_annotation
264,264,GerDracor/kannengiesser-die-vierbeinigten-philosophen.xml,"Beyde haben sich grob
            aufgeführt; machen gewaltigen Lärmen und das Vieh raisonirt so gut als wir Menschen.",56,174,character_speech,1,10,,Jäger.,#jaeger,83.0,MALE,anger,T,,1802.0,negative,emotions of rejection
265,265,GerDracor/kannengiesser-die-vierbeinigten-philosophen.xml,"Bitte unterthänigst, sie uns vom Halse zu schaffen.",187,238,character_speech,1,10,,Jäger.,#jaeger,83.0,MALE,fear,T,,1802.0,negative,emotions of anxiety
266,266,GerDracor/kannengiesser-die-vierbeinigten-philosophen.xml,Vorgeführt!,0,11,character_speech,1,10,,Hr. v. Albern.,#herr_von_albern,84.0,MALE,no_annotation,T,,1802.0,no_annotation,no_annotation
267,267,GerDracor/kannengiesser-die-vierbeinigten-philosophen.xml,(Jäger ab).,0,11,stage_direction,1,10,inner_speech,,#herr_von_albern,84.0,MALE,no_annotation,T,,1802.0,no_annotation,no_annotation
268,268,GerDracor/kannengiesser-die-vierbeinigten-philosophen.xml," Will die Kerls, wie die Hunde, expediren; mir
            Ruhe und Ansehn verschaffen, oder –",0,94,character_speech,1,10,,Hr. v. Albern.,#herr_von_albern,84.0,MALE,anger,T,,1802.0,negative,emotions of rejection
269,269,GerDracor/kannengiesser-die-vierbeinigten-philosophen.xml,(treten auf.,0,12,stage_direction,1,10,speech_part,,#schlachter #packan,85.0,UNKNOWN,no_annotation,T,,1802.0,no_annotation,no_annotation
270,270,GerDracor/kannengiesser-die-vierbeinigten-philosophen.xml,"Ersterer geht einige Schritte vorwärts; letzterer setzt sich neben
            seinem Herrn.",13,105,stage_direction,1,10,speech_part,,#schlachter #packan,85.0,UNKNOWN,no_annotation,T,,1802.0,no_annotation,no_annotation
271,271,GerDracor/kannengiesser-die-vierbeinigten-philosophen.xml,Ein Häscher hält ihn am Stricke fest).,106,144,stage_direction,1,10,speech_part,,#schlachter #packan,85.0,UNKNOWN,no_annotation,T,,1802.0,no_annotation,no_annotation
272,272,GerDracor/kannengiesser-die-vierbeinigten-philosophen.xml,"Da hebn se my mynen Hund ingefangen, ich wolt em mit ufs Dorf nehmen by den
            Kalbern.",0,96,character_speech,1,10,,Schlachter.,#schlachter,86.0,MALE,joy,T,,1802.0,positive,emotions of pleasure
273,273,GerDracor/kannengiesser-die-vierbeinigten-philosophen.xml,Und da ist er impertinent gewesen gegen meine Leute.,0,52,character_speech,1,10,,Hr. v. Albern.,#herr_von_albern,87.0,MALE,anger,T,,1802.0,negative,emotions of rejection
274,274,GerDracor/kannengiesser-die-vierbeinigten-philosophen.xml,"Das kostet ihm 5 Thaler, und für
            den Hund zahlt er 3 Mk.",53,121,character_speech,1,10,,Hr. v. Albern.,#herr_von_albern,87.0,MALE,no_annotation,T,,1802.0,no_annotation,no_annotation
275,275,GerDracor/kannengiesser-die-vierbeinigten-philosophen.xml,14 ß.,122,127,character_speech,1,10,,Hr. v. Albern.,#herr_von_albern,87.0,MALE,no_annotation,T,,1802.0,no_annotation,no_annotation
276,276,GerDracor/kannengiesser-die-vierbeinigten-philosophen.xml,"Da mach ich my den Schinder uth; he muß weten, daß ich en Himberger Börger bin, de
            laten sick so was nicht vertellen.",0,129,character_speech,1,10,,Schlachter.,#schlachter,88.0,MALE,anger,T,,1802.0,negative,emotions of rejection
277,277,GerDracor/kannengiesser-die-vierbeinigten-philosophen.xml,"Wy hebben by uns zu Huß ook Gerichtspersonen, die nah
            Recht seht; aber, by Gott, so plücken sie de Lüde nich!",130,251,character_speech,1,10,,Schlachter.,#schlachter,88.0,MALE,no_annotation,T,,1802.0,no_annotation,no_annotation
278,278,GerDracor/kannengiesser-die-vierbeinigten-philosophen.xml,"Sine Kerls hebben mir oog de
            Pipe weggenahmen, die ich in meiner Tasche hatte; ich mach my den Schinder druth, aber
            es ist doch grob!",252,409,character_speech,1,10,,Schlachter.,#schlachter,88.0,MALE,anger,T,,1802.0,negative,emotions of rejection
279,279,GerDracor/kannengiesser-die-vierbeinigten-philosophen.xml,"Sollt my das zu Huß paßiren, ich schniede dem Kerl dee Ohren vom Kopf,
            so schniede ich!",410,509,character_speech,1,10,,Schlachter.,#schlachter,88.0,MALE,anger,T,,1802.0,negative,emotions of rejection
280,280,GerDracor/kannengiesser-die-vierbeinigten-philosophen.xml,Er ist ein grober ungeschliffener Mensch.,0,41,character_speech,1,10,,Hr. v. Albern.,#herr_von_albern,89.0,MALE,abhorrence,T,,1802.0,negative,emotions of rejection
281,281,GerDracor/kannengiesser-die-vierbeinigten-philosophen.xml,"Weiß er, daß ich ihn ins Hundeloch stecken
            lassen kann?",42,109,character_speech,1,10,,Hr. v. Albern.,#herr_von_albern,89.0,MALE,anger,T,,1802.0,negative,emotions of rejection
282,282,GerDracor/kannengiesser-die-vierbeinigten-philosophen.xml,"Da mach ich my den Schinder uth; aber hohl mich der Deewel, kam ich los, so schlag ich
            dem Herrn de Knochen lahm.",0,125,character_speech,1,10,,Schlachter.,#schlachter,90.0,MALE,anger,T,,1802.0,negative,emotions of rejection
283,283,GerDracor/kannengiesser-die-vierbeinigten-philosophen.xml,"(indem er in die Tasche greift und 5 Species auf dem
              Tisch wirft)",0,79,stage_direction,1,10,inner_speech,,#schlachter,90.0,MALE,no_annotation,T,,1802.0,no_annotation,no_annotation
284,284,GerDracor/kannengiesser-die-vierbeinigten-philosophen.xml, Geld hef ich noch!,0,19,character_speech,1,10,,Schlachter.,#schlachter,90.0,MALE,no_annotation,T,,1802.0,no_annotation,no_annotation
285,285,GerDracor/kannengiesser-die-vierbeinigten-philosophen.xml,Aber nu laß he mich gliek gahn.,20,51,character_speech,1,10,,Schlachter.,#schlachter,90.0,MALE,no_annotation,T,,1802.0,no_annotation,no_annotation
286,286,GerDracor/kannengiesser-die-vierbeinigten-philosophen.xml,Sonst –,52,59,character_speech,1,10,,Schlachter.,#schlachter,90.0,MALE,no_annotation,T,,1802.0,no_annotation,no_annotation
287,287,GerDracor/kannengiesser-die-vierbeinigten-philosophen.xml,(pfeift).,0,9,stage_direction,1,10,speech_part,,#herr_von_albern,91.0,MALE,no_annotation,T,,1802.0,no_annotation,no_annotation
288,288,GerDracor/kannengiesser-die-vierbeinigten-philosophen.xml,(nebst noch einigen Häschern treten auf).,0,41,stage_direction,1,11,speech_part,,#jaeger,92.0,MALE,no_annotation,T,,1802.0,no_annotation,no_annotation
289,289,GerDracor/kannengiesser-die-vierbeinigten-philosophen.xml,Den Frevler acht Tage bey Wasser und Brodt!,0,43,character_speech,1,11,,Hr. v. Albern.,#herr_von_albern,93.0,MALE,abhorrence,T,,1802.0,negative,emotions of rejection
290,290,GerDracor/kannengiesser-die-vierbeinigten-philosophen.xml,Seinen Hund hat Hannes zu expediren.,44,80,character_speech,1,11,,Hr. v. Albern.,#herr_von_albern,93.0,MALE,no_annotation,T,,1802.0,no_annotation,no_annotation
291,291,GerDracor/kannengiesser-die-vierbeinigten-philosophen.xml,"(lacht laut auf und wirft, als man seinen Herrn anfaßt, den Jäger zu Boden, beißt
            dem einen Häscher die Nase, dem andern ein Ohr ab; beyde laufen in vollem Schreyen
            davon.)",0,196,stage_direction,1,11,speech_part,,#packan,94.0,UNKNOWN,Schadenfreude,T,,1802.0,positive,emotions of pleasure
292,292,GerDracor/kannengiesser-die-vierbeinigten-philosophen.xml,"Lange habt ihr Menschen und Hunde gehudelt, ohne bestraft zu werden; mir war es
            vorbehalten, euch zu züchtigen.",0,123,character_speech,1,11,,Packan,#packan,94.0,UNKNOWN,abhorrence,T,,1802.0,negative,emotions of rejection
293,293,GerDracor/kannengiesser-die-vierbeinigten-philosophen.xml,"(nachdem er Herrn von Albern in die Haare
              gefallen und ihn unter den Tisch geworfen, folgt er seinem Herrn, der zuvor seine 5
              Species wieder eingestrichen, und ruft noch zur Thüre hinein:",0,215,stage_direction,1,11,inner_speech,,#packan,94.0,UNKNOWN,no_annotation,T,,1802.0,no_annotation,no_annotation
294,294,GerDracor/kannengiesser-die-vierbeinigten-philosophen.xml,"
            Ihr Bürger von Halberna, seht
            Unterm Tisch liegt eure Majestät!",0,88,character_speech,1,11,,Packan,#packan,94.0,UNKNOWN,no_annotation,T,,1802.0,no_annotation,no_annotation
295,295,GerDracor/kannengiesser-die-vierbeinigten-philosophen.xml,Der Vorhang fällt.,0,18,stage_direction,1,11,pre_speech,,,,,no_annotation,T,,1802.0,no_annotation,no_annotation
